FID,NO,ID_1,ID_2,ID3,DATE_BEGIN,DATA_EXPIR,NAME,ADDRESS,STATE,ZIP,LAT,LONG,CAFO_TYPE,CAFO_SUBTY,SIS_CODE,ANIMAL_CNT,E_ANIMAL_C,AU,E_AU,MANURE_AMT,E_MANURE_A,T_MANURE_A,NOTE,x,y
0,9,TXG920041,CN602835027,RN102336831,9/1/2004, ,SIMPSON RANCH FEEDYARD INC,17153 N US HIGHWAY 277 SAN ANGELO,TX,76905,31.684333,-100.33033,Beef cattle,CATTLE (Beef);,SIS0211/SIS0212, , , , ,10950, ,10950, ,-11168722,3721946
1,12,TXG920046,CN601235294,RN104663729,8/30/2004, ,BORDERLAND FEEDERS LTD,14199 N LOOP DR CLINT,TX,79836,31.536388,-106.18527,Beef cattle,CATTLE (Beef);,SIS0211/SIS0212, , , , ,12994, ,12994, ,-11820491,3702608
2,22,TXG920073,CN601729247,RN104647060,9/5/2004, ,RAFTER 3 FEEDYARD LTD,1745 FM 1055 DIMMITT,TX,79027,34.506388,-102.40694,Beef cattle,CATTLE (Beef);,SIS0211/SIS0212, , , , ,74460, ,74460, ,-11399889,4097003
3,23,TXG920081,CN601128812,RN102093457,9/5/2004, ,"MYRICK, JAKE DENNIS","Hart, TX 79043, USA",TX,79043,34.428888,-102.06305,Beef cattle,CATTLE (Beef);,SIS0211/SIS0212, , , , ,36610, ,36610, ,-11361608,4086538
4,33,TXG920125,CN601232176,RN102335387,9/19/2004, ,"WHITAKER, DAVID M",4000 N PARSLEY RD AMARILLO,TX,79108,35.253611,-101.68444,Beef cattle,CATTLE (Beef);,SIS0211/SIS0212, , , , ,4862, ,4862, ,-11319461,4198400
5,37,TXG920139,CN603435793,RN101354298,9/22/2004, ,PX FEEDERS LLC,4715 COUNTY ROAD 523 EVANT,TX,76525,31.513888,-98.268888,Beef cattle,CATTLE (Beef);,SIS0211/SIS0212, , , , ,21809, ,21809, ,-10939243,3699669
6,40,TXG920145,CN601179880,RN102181955,9/18/2004, ,"HYMAN, HAROLD LLOYD",1157 FM 145 DIMMITT,TX,79027,34.383333,-102.3475,Beef cattle,CATTLE (Beef);,SIS0211/SIS0212, , , , ,9308, ,9308, ,-11393273,4080392
7,41,TXG920146,CN601064280,RN102886900,9/23/2004, ,BEJS FEEDERS INC,3906 COUNTY ROAD 6A HEREFORD,TX,79045,34.821388,-102.36916,Beef cattle,CATTLE (Beef);,SIS0211/SIS0212, , , , ,3039, ,3039, ,-11395684,4139636
8,42,TXG920147,CN601064280,RN102329794,9/23/2004, ,BEJS FEEDERS INC,3906 COUNTY ROAD 6A HEREFORD,TX,79045,34.82,-102.35416,Beef cattle,CATTLE (Beef);,SIS0211/SIS0212, , , , ,6482, ,6482, ,-11394014,4139447
9,45,TXG920157,CN600919385,RN101702678,9/22/2004, ,"OGLE, LARRY",312 CATTLE PEN RD BOWIE,TX,76230,33.566666,-97.883333,Beef cattle,CATTLE (Beef);,SIS0211/SIS0212, , , , ,3065, ,3065, ,-10896324,3970764
10,50,TXG920176,CN603062274,RN103015004,9/29/2004, ,LA MEJOR LIVESTOCK CO INC,1898 STATE HIGHWAY 114 SEYMOUR,TX,76380,33.576111,-99.225277,Beef cattle,CATTLE (Beef);,SIS0211/SIS0212, , , , ,9199, ,9199, ,-11045708,3972026
11,52,TXG920191,CN600792584,RN102010816,9/26/2004, ,TEXAS BEEF LTD,12650 STATE HIGHWAY 136 GRUVER,TX,79040,36.127777,-101.43611,Beef cattle,CATTLE (Beef);,SIS0211/SIS0212, , , , ,59962, ,59962, ,-11291817,4318218
12,55,TXG920209,CN600792634,RN102900826,10/6/2004, ,"GIBSON, LARRY DEE",1382 COUNTY ROAD 521 DUBLIN,TX,76446,32.084833,-98.2705,Beef cattle,CATTLE (Beef);,SIS0211/SIS0212, , , , ,1574, ,1574, ,-10939423,3774452
13,57,TXG920214,CN600717292,RN102186707,9/5/2004, ,CAL-TEX FEED YARD INC,381 COUNTY ROAD 373 TRENT,TX,79561,32.5165,-100.09083,Beef cattle,CATTLE (Beef);,SIS0211/SIS0212, , , , ,65408, ,65408, ,-11142061,3831303
14,59,TXG920222,CN600789341,RN101512713,10/6/2004, ,EC FARMS LP,3180 COUNTY ROAD 4 HEREFORD,TX,79045,34.766666,-102.5,Beef cattle,CATTLE (Beef);,SIS0211/SIS0212, , , , ,162060, ,162060, ,-11410249,4132218
15,62,TXG920229,CN600790182,RN101513612,10/1/2004, ,HOWELL INDUSTRIES INC,"3160 Co Rd 420, Premont, TX 78375, USA",TX,78375,27.353333,-98.221388,Beef cattle,CATTLE (Beef);,SIS0211/SIS0212, , , , ,24820, ,24820, ,-10933956,3167686
16,63,TXG920235,CN600797492,RN101523223,10/6/2004, ,CHAMPION FEEDERS LLC,3750 FM 2943 HEREFORD,TX,79045,34.813888,-102.34583,Beef cattle,CATTLE (Beef);,SIS0211/SIS0212, , , , ,48380, ,48380, ,-11393087,4138619
17,65,TXG920243,CN600802490,RN104654041,10/10/2004, ,"HEFLEY, DENNIS JOE","Neece, Canadian, TX 79014, USA",TX,79011,35.663888,-100.45072,Beef cattle,CATTLE (Beef);,SIS0211/SIS0212, , , , ,26371, ,26371, ,-11182124,4254472
18,67,TXG920259,CN601474125,RN102905916,10/10/2004, ,SANTA FE FEEDERS LTD,"US-281, Encino, TX 78353, USA",TX,78353,26.8125,-98.111111,Beef cattle,CATTLE (Beef);,SIS0211/SIS0212, , , , ,14892, ,14892, ,-10921680,3100066
19,68,TXG920262,CN601130289,RN102096591,10/14/2004, ,AGRI-RESEARCH CENTER INC,16851 HOPE RD CANYON,TX,79015,35.033611,-101.97055,Beef cattle,CATTLE (Beef);,SIS0211/SIS0212, , , , ,4254, ,4254, ,-11351311,4168450
20,76,TXG920279,CN601720386,RN101516367,10/17/2004, ,CARRIZO FEEDERS LTD,6705 TEXAS STATE HIGHWAY 85 EAST CARRIZO SPRINGS,TX,78834,28.569166,-99.746111,Beef cattle,CATTLE (Beef);,SIS0211/SIS0212, , , , ,26671, ,26671, ,-11103687,3320925
21,77,TXG920281,CN600789846,RN101513265,10/17/2004, ,CHAPARRAL FEEDERS INC,9129 FARM TO MARKET 140 UVALDE,TX,78801,29.1275,-99.669166,Beef cattle,CATTLE (Beef);,SIS0211/SIS0212, , , , ,16243, ,16243, ,-11095122,3391885
22,78,TXG920283,CN600801237,RN101527745,10/17/2004, ,DAWN CUSTOM CATTLE FEEDERS INC,4653 FARM TO MARKET 1062 WILDORADO,TX,79098,34.989166,-102.23361,Beef cattle,CATTLE (Beef);,SIS0211/SIS0212, , , , ,26280, ,26280, ,-11380594,4162410
23,79,TXG920284,CN602599029,RN101511418,10/17/2004, ,DIAMOND CATTLE FEEDERS INC,3794 COUNTY ROAD 1 HEREFORD,TX,79045,34.746111,-102.40166,Beef cattle,CATTLE (Beef);,SIS0211/SIS0212, , , , ,26371, ,26371, ,-11399302,4129433
24,80,TXG920287,CN602482184,RN102314523,10/17/2004, ,LIPAN CATTLE FEEDERS LLC,9502 HIGHWAY 380 SAN ANGELO,TX,76905,31.491666,-100.28166,Beef cattle,CATTLE (Beef);,SIS0211/SIS0212, , , , ,42515, ,42515, ,-11163304,3696768
25,81,TXG920289,CN600802755,RN101529485,10/17/2004, ,MCLEOD FARMS INC,11700 COUNTY ROAD 7 MORSE,TX,79062,32.999722,-101.53333,Beef cattle,CATTLE (Beef);,SIS0211/SIS0212, , , , ,18688, ,18688, ,-11302640,3895268
26,82,TXG920291,CN601058936,RN102335122,10/17/2004, ,NEWTEX FEEDYARD INC,1949 HIGHWAY 86 FRIONA,TX,79035,34.533611,-102.76833,Beef cattle,CATTLE (Beef);,SIS0211/SIS0212, , , , ,48618, ,48618, ,-11440119,4100681
27,83,TXG920292,CN602477960,RN101527802,10/17/2004, ,PERRY FEEDERS INC,110847 IH 37 PLEASANTON,TX,78064,29.008888,-98.434166,Beef cattle,CATTLE (Beef);,SIS0211/SIS0212, , , , ,10939, ,10939, ,-10957642,3376778
28,84,TXG920294,CN601109705,RN102043791,10/17/2004, ,SHEARRER FEED LOT INC,4250 STRAWBERRY CITY RD POTEET,TX,78065,29.040277,-98.503611,Beef cattle,CATTLE (Beef);,SIS0211/SIS0212, , , , ,4060, ,4060, ,-10965373,3380774
29,89,TXG920307,CN601473911,RN102905684,10/17/2004, ,"POTTER, BRIAN JAMES","13032 US-87, Dalhart, TX 79022, USA",TX,79022,36.191111,-102.71944,Beef cattle,CATTLE (Beef);,SIS0211/SIS0212, , , , ,9308, ,9308, ,-11434677,4326951
30,90,TXG920308,CN600792584,RN101512861,10/17/2004, ,TEXAS BEEF LTD,11400 TEXAS BEEF ROAD SUNRAY,TX,79086,35.935833,-101.803055,Beef cattle,CATTLE (Beef);,SIS0211/SIS0212, , , , ,133700, ,133700, ,-11332665,4291797
31,94,TXG920316,CN600802052,RN101528628,10/17/2004, ,"OLDHAM, CLIFFORD GLEN",16590 INTERSTATE HIGHWAY 40 SHAMROCK,TX,79079,35.224722,-100.13055,Beef cattle,CATTLE (Beef);,SIS0211/SIS0212, , , , ,8103, ,8103, ,-11146483,4194463
32,95,TXG920317,CN600919468,RN101702967,10/16/2004, ,PACO FEEDYARD LTD,1741 COUNTY RD S FRIONA,TX,79035,34.483055,-102.73722,Beef cattle,CATTLE (Beef);,SIS0211/SIS0212, , , , ,60097, ,60097, ,-11436656,4093851
33,96,TXG920319,CN602740698,RN101522498,10/24/2004, ,"CATES, MARK SHANNON",15927 COUNTY RD E FOLLETT,TX,79034,36.4525,-100.22166,Beef cattle,CATTLE (Beef);,SIS0211/SIS0212, , , , ,17048, ,17048, ,-11156625,4363066
34,97,TXG920330,CN601018690,RN102287414,10/23/2004, ,LIVESTOCK INVESTORS LTD,275 FM 1057 SUMMERFIELD,TX,79085,34.721111,-102.51194,Beef cattle,CATTLE (Beef);,SIS0211/SIS0212, , , , ,162060, ,162060, ,-11411578,4126046
35,98,TXG920331,CN601018690,RN101869477,10/23/2004, ,LIVESTOCK INVESTORS LTD,415 COUNTY ROAD 503B HEREFORD,TX,79045,34.707777,-102.49333,Beef cattle,CATTLE (Beef);,SIS0211/SIS0212, , , , ,87600, ,87600, ,-11409506,4124241
36,99,TXG920333,CN600799928,RN101526267,10/23/2004, ,BEZNER CATTLE AND GRAIN CO,12846 FM 3110 TEXLINE,TX,79087,36.162269,-102.872025,Beef cattle,CATTLE (Beef);,SIS0211/SIS0212, , , , ,67791, ,67791, ,-11451662,4322973
37,100,TXG920334,CN602613176,RN101700870,10/24/2004, ,"BRADLEY, GENE",2019 FM 1055 DIMMITT,TX,79027,34.462777,-102.40777,Beef cattle,CATTLE (Beef);,SIS0211/SIS0212, , , , ,14892, ,14892, ,-11399982,4091113
38,101,TXG920337,CN601084593,RN102286705,10/23/2004, ,CIRCLE THREE FEED YARDS LTD,201 COUNTY ROAD 505 HEREFORD,TX,79045,34.741944,-102.46055,Beef cattle,CATTLE (Beef);,SIS0211/SIS0212, , , , ,27912, ,27912, ,-11405857,4128868
39,102,TXG920338,CN602412843,RN102097227,10/24/2004, ,ROGERS & SONS LTD,2055 FM 1055 DIMMITT,TX,79027,34.461944,-102.407777,Beef cattle,CATTLE (Beef);,SIS0211/SIS0212, , , , ,36382, ,36382, ,-11399983,4091001
40,103,TXG920341,CN601129141,RN102094042,10/23/2004, ,DETTLE FEEDYARDS LP,5645 COUNTY ROAD N STRATFORD,TX,79084,36.317777,-102.12666,Beef cattle,CATTLE (Beef);,SIS0211/SIS0212, , , , ,24820, ,24820, ,-11368689,4344436
41,104,TXG920342,CN600919070,RN101701951,10/23/2004, ,MC-6 CATTLE FEEDERS INC,5050 US HIGHWAY 385 HEREFORD,TX,79045,35.025277,-102.37361,Beef cattle,CATTLE (Beef);,SIS0211/SIS0212, , , , ,120450, ,120450, ,-11396179,4167318
42,105,TXG920344,CN603592346,RN101979375,10/24/2004, ,KENNETH CHRISTIE FARMS INC,"195 Co Rd 608A, Friona, TX 79035, USA",TX,79045,34.7,-102.52333,Beef cattle,CATTLE (Beef);,SIS0211/SIS0212, , , , ,9308, ,9308, ,-11412846,4123187
43,107,TXG920352,CN600788426,RN101511657,10/23/2004, ,XCL FEEDERS INC,3076 FM 1058 HEREFORD,TX,79045,34.822777,-102.51527,Beef cattle,CATTLE (Beef);,SIS0211/SIS0212, , , , ,22100, ,22100, ,-11411949,4139824
44,108,TXG920353,CN601232127,RN102335239,10/23/2004, ,"YOUNGBLOOD, PATRICIA ANN","17 Rd, Lefors, TX 79054, USA",TX,79054,35.478333,-100.80333,Beef cattle,CATTLE (Beef);,SIS0211/SIS0212, , , , ,3723, ,3723, ,-11221376,4229077
45,109,TXG920353,CN601548266,RN102335239,10/23/2004, ,"DEVUYST, RICHARD","17 Rd, Lefors, TX 79054, USA",TX,79054,35.478333,-100.80333,Beef cattle,CATTLE (Beef);,SIS0211/SIS0212, , , , ,3723, ,3723, ,-11221376,4229077
46,110,TXG920355,CN601235070,RN101701225,10/24/2004, ,FREEMAN FAMILY RANCH LTD,"Co Rd 31, Gruver, TX 79040, USA",TX,73949,36.46,-101.63,Beef cattle,CATTLE (Beef);,SIS0211/SIS0212, , , , ,56721, ,56721, ,-11313401,4364104
47,112,TXG920360,CN601090509,RN101985059,10/21/2004, ,KIRKLAND FEEDYARD INC,6850 COUNTY ROAD 36 VEGA,TX,79092,35.275,-102.43055,Beef cattle,CATTLE (Beef);,SIS0211/SIS0212, , , , ,48728, ,48728, ,-11402518,4201316
48,118,TXG920378,CN602843203,RN102214905,10/27/2004, ,BROWN CATTLE FEEDERS INC,"Co Rd 15, Friona, TX 79035, USA",TX,79035,34.958653,-102.937614,Beef cattle,CATTLE (Beef);,SIS0211/SIS0212, , , , ,13775, ,13775, ,-11458964,4158264
49,119,TXG920382,CN600524805,RN102739364,10/27/2004, ,MGM CATTLE CO LTD,12811 E HIGHWAY 90 KINGSBURY,TX,78638,29.645833,-97.791666,Beef cattle,CATTLE (Beef);,SIS0211/SIS0212, , , , ,8103, ,8103, ,-10886119,3458106
50,120,TXG920391,CN600796502,RN101521946,10/25/2004, ,SOUTHERN LIVESTOCK INC,2462 FM 2091 N GONZALES,TX,78629,29.530757,-97.540138,Beef cattle,CATTLE (Beef);,SIS0211/SIS0212, , , , ,12410, ,12410, ,-10858119,3443375
51,121,TXG920395,CN601129547,RN102094851,10/24/2004, ,SPUR HOLDINGS LTD,3493 FM 539 FLORESVILLE,TX,78114,29.227777,-98.1075,Beef cattle,CATTLE (Beef);,SIS0211/SIS0212, , , , ,18615, ,18615, ,-10921278,3404670
52,122,TXG920404,CN602984908,RN102287034,10/24/2004, ,STARR FEEDYARDS LTD,144 STARR FEED YARDS RD RIO GRANDE CITY,TX,78582,26.542777,-98.604722,Beef cattle,CATTLE (Beef);,SIS0211/SIS0212, , , , ,32485, ,32485, ,-10976628,3066464
53,124,TXG920440,CN600797195,RN101522837,10/24/2004, ,HANSFORD COUNTY FEEDERS LP,13800 COUNTY ROAD 19 SPEARMAN,TX,79081,36.286944,-101.29194,Beef cattle,CATTLE (Beef);,SIS0211/SIS0212, , , , ,145854, ,145854, ,-11275768,4340177
54,125,TXG920441,CN602787632,RN101715423,10/24/2004, ,DUMAS FEEDYARD LLC,11301 US HIGHWAY 287 DUMAS,TX,79029,35.915833,-101.98277,Beef cattle,CATTLE (Beef);,SIS0211/SIS0212, , , , ,38006, ,38006, ,-11352671,4289047
55,126,TXG920456,CN600923148,RN100677574,10/27/2004, ,FRIONA INDUSTRIES LP,15000 FM 2219 AMARILLO,TX,79119,35.062222,-102.01888,Beef cattle,CATTLE (Beef);,SIS0211/SIS0212, , , , ,153957, ,153957, ,-11356691,4172341
56,127,TXG920457,CN600923148,RN102336583,10/27/2004, ,FRIONA INDUSTRIES LP,6656 FM 214 TULIA,TX,79088,34.632777,-101.89,Beef cattle,CATTLE (Beef);,SIS0211/SIS0212, , , , ,139613, ,139613, ,-11342344,4114089
57,128,TXG920458,CN600923148,RN102342748,10/27/2004, ,FRIONA INDUSTRIES LP,1640 FM 37 AMHERST,TX,79312,34.010277,-102.34861,Beef cattle,CATTLE (Beef);,SIS0211/SIS0212, , , , ,133700, ,133700, ,-11393396,4030183
58,129,TXG920459,CN600923148,RN102186871,10/27/2004, ,FRIONA INDUSTRIES LP,2370 FM 3140 FRIONA,TX,79035,34.638888,-102.63833,Beef cattle,CATTLE (Beef);,SIS0211/SIS0212, , , , ,102343, ,102343, ,-11425648,4114916
59,132,TXG920472,CN600800585,RN101527000,10/14/2004, ,"GRAHAM, CHARLES WESLEY",3772 S US HIGHWAY 183 GONZALES,TX,78629,29.436666,-97.435277,Beef cattle,CATTLE (Beef);,SIS0211/SIS0212, , , , ,48727, ,48727, ,-10846446,3431343
60,133,TXG920476,CN600922181,RN101718666,10/28/2004, ,NOLAN COUNTY FEEDERS LLC,"1127 Co Rd 138, Roscoe, TX 79545, USA",TX,79545,32.483333,-100.56666,Beef cattle,CATTLE (Beef);,SIS0211/SIS0212, , , , ,14000, ,14000, ,-11195030,3826925
61,134,TXG920477,CN600797658,RN102894573,11/6/2004, ,"WAGGONER, QUINT",2499 US HIGHWAY 385 DIMMITT,TX,79027,34.395833,-102.30277,Beef cattle,CATTLE (Beef);,SIS0211/SIS0212, , , , ,5470, ,5470, ,-11388293,4082078
62,138,TXG920510,CN600792899,RN101517217,2/10/2005, ,RUNNELLS PETERS FEEDYARDS LLC,1444 FM 1665 QUEMADO,TX,78877,28.890277,-100.57,Beef cattle,CATTLE (Beef);,SIS0211/SIS0212, , , , ,41418, ,41418, ,-11195402,3361689
63,139,TXG920518,CN601682388,RN101611432,2/17/2005, ,"SMITH, DWAYNE","400 Co Rd 620, Dimmitt, TX 79027, USA",TX,79027,34.472222,-102.47916,Beef cattle,CATTLE (Beef);,SIS0211/SIS0212, , , , ,6570, ,6570, ,-11407929,4092388
64,149,TXG920527,CN601559032,RN102075447,2/28/2005, ,"IMMEL, ALTON R","9744 Ranch Rd, Stonewall, TX 78671, USA",TX,78624,30.38693,-98.60043,Beef cattle,CATTLE (Beef);,SIS0211/SIS0212, , , , ,2664.5, ,2664.5, ,-10976151,3553384
65,150,TXG920530,CN600528376,RN101916427,2/26/2005, ,LUCKEY CUSTOM FEEDLOT INC,2242 FM 3176 DEVINE,TX,78016,29.079166,-98.9125,Beef cattle,CATTLE (Beef);,SIS0211/SIS0212, , , , ,20942, ,20942, ,-11010890,3385727
66,151,TXG920531,CN601599863,RN101526051,2/26/2005, ,QUALITY BEEF PRODUCERS LP,5000 INTERSTATE 40 WILDORADO,TX,79098,35.208333,-102.16944,Beef cattle,CATTLE (Beef);,SIS0211/SIS0212, , , , ,61320, ,61320, ,-11373451,4192230
67,152,TXG920533,CN600528095,RN102739372,2/26/2005, ,MORALES FEED LOTS INC,480 PRIVATE ROAD 7621 DEVINE,TX,78016,29.106111,-98.945555,Beef cattle,CATTLE (Beef);,SIS0211/SIS0212, , , , ,40606, ,40606, ,-11014570,3389159
68,153,TXG920536,CN602861452,RN101516623,2/26/2005, ,"STEPHENS, JERRY",31 COUNTY ROAD 235 MULESHOE,TX,79347,34.305555,-102.63027,Beef cattle,CATTLE (Beef);,SIS0211/SIS0212, , , , ,24309, ,24309, ,-11424750,4069906
69,154,TXG920536,CN602861460,RN101516623,2/26/2005, ,"STEPHENS, MARY",31 COUNTY ROAD 235 MULESHOE,TX,79347,34.305555,-102.63027,Beef cattle,CATTLE (Beef);,SIS0211/SIS0212, , , , ,24309, ,24309, ,-11424750,4069906
70,162,TXG920543,CN603573460,RN102079092,2/26/2005, ,PERRYTON FEEDERS LLC,13210 HIGHWAY 70 PERRYTON,TX,79070,36.224583,-100.81125,Beef cattle,CATTLE (Beef);,SIS0211/SIS0212, , , , ,43800, ,43800, ,-11222258,4331569
71,163,TXG920544,CN602855637,RN104944855,3/2/2005, ,USA FEEDYARD LP,8370 COUNTY RD W GRUVER,TX,79040,36.181944,-101.57638,Beef cattle,CATTLE (Beef);,SIS0211/SIS0212, , , , ,93039, ,93039, ,-11307432,4325686
72,164,TXG920549,CN600801377,RN101721140,2/26/2005, ,BOVINA FEEDERS INC,1355 FM 145 FARWELL,TX,79325,34.375,-102.80222,Beef cattle,CATTLE (Beef);,SIS0211/SIS0212, , , , ,105120, ,105120, ,-11443892,4079268
73,165,TXG920552,CN600798045,RN101523892,2/26/2005, ,CATTLE TOWN FEEDERS LTD,2800 US HIGHWAY 60 FRIONA,TX,79035,34.728611,-102.51908,Beef cattle,CATTLE (Beef);,SIS0211/SIS0212, , , , ,109500, ,109500, ,-11412373,4127062
74,166,TXG920553,CN600795603,RN101520773,2/26/2005, ,CATTLEMENS FEEDLOT LTD,2400 COUNTY ROAD 132 OLTON,TX,79064,34.1525,-102.19083,Beef cattle,CATTLE (Beef);,SIS0211/SIS0212, , , , ,121819, ,121819, ,-11375832,4049298
75,167,TXG920556,CN601090749,RN102185329,2/26/2005, ,KEELING CATTLE FEEDERS INC,2799 COUNTY ROAD 3 HEREFORD,TX,79045,34.773333,-102.57888,Beef cattle,CATTLE (Beef);,SIS0211/SIS0212, , , , ,40606, ,40606, ,-11419030,4133121
76,168,TXG920557,CN601299878,RN101514842,2/26/2005, ,HENRICHSON FEEDYARD INC,"92 Henrickson Ranch Rd, Texas, USA",TX,78001,28.267777,-99.280416,Beef cattle,CATTLE (Beef);,SIS0211/SIS0212, , , , ,18841, ,18841, ,-11051846,3282777
77,170,TXG920563,CN602838427,RN101701076,3/2/2005, ,SPARKMAN CATTLE FEEDERS INC,324 FM 1055 HEREFORD,TX,79045,34.708333,-102.425,Beef cattle,CATTLE (Beef);,SIS0211/SIS0212, , , , ,7008, ,7008, ,-11401900,4124316
78,171,TXG920564,CN602838427,RN102598562,3/2/2005, ,SPARKMAN CATTLE FEEDERS INC,324 FM 1055 HEREFORD,TX,79045,34.713611,-102.41138,Beef cattle,CATTLE (Beef);,SIS0211/SIS0212, , , , ,8842, ,8842, ,-11400384,4125031
79,172,TXG920565,CN602743676,RN101519759,3/2/2005, ,"PAETZOLD, WALTER JR","3855 Co Rd 5, Hereford, TX 79045, USA",TX,79045,34.793055,-102.378611,Beef cattle,CATTLE (Beef);,SIS0211/SIS0212, , , , ,2311, ,2311, ,-11396736,4135794
80,173,TXG920568,CN600797070,RN101522670,3/2/2005, ,TEJAS FEEDERS LTD,"Co Rd 17, Lefors, TX 79054, USA",TX,79066,35.401111,-100.812777,Beef cattle,CATTLE (Beef);,SIS0211/SIS0212, , , , ,43800, ,43800, ,-11222428,4218526
81,174,TXG920569,CN600797070,RN102916897,3/2/2005, ,TEJAS FEEDERS LTD,"Unnamed Road, Miami, TX 79059, USA",TX,79066,35.559166,-100.71388,Beef cattle,CATTLE (Beef);,SIS0211/SIS0212, , , , ,92212, ,92212, ,-11211419,4240132
82,175,TXG920573,CN600794366,RN102342698,3/2/2005, ,AZTX CATTLE CO LTD,"4041 US-60, Hereford, TX 79045, USA",TX,79045,34.840277,-102.34333,Beef cattle,CATTLE (Beef);,SIS0211/SIS0212, , , , ,87600, ,87600, ,-11392808,4142197
83,176,TXG920574,CN601107089,RN102909678,3/2/2005, ,BARRETT & CROFOOT LLC,2300 FM 1058 HEREFORD,TX,79045,34.828611,-102.65694,Beef cattle,CATTLE (Beef);,SIS0211/SIS0212, , , , ,79083, ,79083, ,-11427719,4140615
84,177,TXG920588,CN603603309,RN104575329,11/28/2005, ,SANDHILL CATTLE CO LP,2621 N HIGHWAY 1055 DIMMITT,TX,79027,34.35695,-102.41056,Beef cattle,CATTLE (Beef);,SIS0211/SIS0212, , , , ,17520, ,17520, ,-11400292,4076834
85,178,TXG920592,CN602848517,RN101515211,4/10/2005, ,"MAY, DAVID ROBERT LEE",2930 COUNTY ROAD 412 CAMPBELLTON,TX,78008,28.7005,-98.2291,Beef cattle,CATTLE (Beef);,SIS0211/SIS0212, , , , ,7884, ,7884, ,-10934814,3337582
86,179,TXG920602,CN601129232,RN102094299,4/21/2005, ,MAC KEHOE CATTLE INC,"14296 FM296, Texline, TX 79087, USA",TX,79087,36.3701,-103.02609,Beef cattle,CATTLE (Beef);,SIS0211/SIS0212, , , , ,5256, ,5256, ,-11468813,4351668
87,180,TXG920604,CN603424284,RN102916996,4/23/2005, ,FIVE RIVERS CATTLE FEEDING LLC,10100 FM 998 RD HARTLEY,TX,79044,35.849444,-102.46166,Beef cattle,CATTLE (Beef);,SIS0211/SIS0212, , , , ,120000, ,120000, ,-11405981,4279926
88,181,TXG920605,CN603424284,RN101720555,4/23/2005, ,FIVE RIVERS CATTLE FEEDING LLC,2690 US HIGHWAY 54 DALHART,TX,79022,35.986666,-102.62055,Beef cattle,CATTLE (Beef);,SIS0211/SIS0212, , , , ,125000, ,125000, ,-11423668,4298788
89,182,TXG920606,CN603424284,RN101519452,4/23/2005, ,FIVE RIVERS CATTLE FEEDING LLC,4301 FM 297 DALHART,TX,79022,36.091666,-102.3,Beef cattle,CATTLE (Beef);,SIS0211/SIS0212, , , , ,124000, ,124000, ,-11387985,4313243
90,183,TXG920608,CN600919484,RN103789558,4/28/2005, ,CENTRAL TEXAS CATTLE COMPANY,14745 US HIGHWAY 87 W LAVERNIA,TX,78121,29.351944,-98.149722,Beef cattle,CATTLE (Beef);,SIS0211/SIS0212, , , , ,4051, ,4051, ,-10925978,3420518
91,184,TXG920609,CN604679134,RN101718740,4/28/2005, ,KING RANCH INC,"Unnamed Road, Kingsville, TX 78363, USA",TX,78364,27.5,-97.973611,Beef cattle,CATTLE (Beef);,SIS0211/SIS0212, , , , ,32485, ,32485, ,-10906373,3186081
92,185,TXG920610,CN601176738,RN102179686,4/28/2005, ,DRISKILL FEED YARD INC,"Pvt Rd 3650, Sabinal, TX 78881, USA",TX,78881,29.352777,-99.494444,Beef cattle,CATTLE (Beef);,SIS0211/SIS0212, , , , ,9745, ,9745, ,-11075672,3420624
93,186,TXG920611,CN600519110,RN102805587,4/28/2005, ,RIO BEEF FEEDYARD INC,"G I Rd, Edinburg, TX 78542, USA",TX,78540,26.543333,-97.985555,Beef cattle,CATTLE (Beef);,SIS0211/SIS0212, , , , ,32485, ,32485, ,-10907703,3066533
94,187,TXG920612,CN601043144,RN102511169,4/28/2005, ,LIVE OAK FEEDLOT INC,"Unnamed Road, Batesville, TX 78829, USA",TX,78829,28.931666,-99.499444,Beef cattle,CATTLE (Beef);,SIS0211/SIS0212, , , , ,12994, ,12994, ,-11076228,3366952
95,188,TXG920613,CN600791644,RN101515526,4/28/2005, ,GUY GOEN & SONS INC,"Unnamed Road, Seminole, TX 79360, USA",TX,79360,32.541666,-102.90833,Beef cattle,CATTLE (Beef);,SIS0211/SIS0212, , , , ,12994, ,12994, ,-11455704,3834625
96,189,TXG920616,CN600272256,RN102094398,4/29/2005, ,TEXAS TECH UNIVERSITY,12820 N COUNTY ROAD 3000 IDALOU,TX,79350,33.729722,-101.73277,Beef cattle,CATTLE (Beef);,SIS0211/SIS0212, , , , ,3297, ,3297, ,-11324841,3992569
97,190,TXG920618,CN602834640,RN104608641,12/16/2005, ,HEARTLAND LIVESTOCK COMPANY INC,"TX-86, Dimmitt, TX 79027, USA",TX,79027,34.533888,-102.38527,Beef cattle,CATTLE (Beef);,SIS0211/SIS0212, , , , ,13140, ,13140, ,-11397477,4100718
98,192,TXG920627,CN602982225,RN101518876,5/12/2005, ,RANCHITO SAN MIGUEL LLC,"Sagunada Dr, Rio Grande City, TX 78582, USA",TX,78582,26.511406,-98.748199,Beef cattle,CATTLE (Beef);,SIS0211/SIS0212, , , , ,15193, ,15193, ,-10992600,3062560
99,197,TXG920638,CN602883654,RN101613727,6/22/2005, ,CLAYTON WILLIAMS FEEDYARD INC,888 WILLIAMS RD FORT STOCKTON,TX,79735,30.845555,-103.05638,Beef cattle,CATTLE (Beef);,SIS0211/SIS0212, , , , ,9137, ,9137, ,-11472185,3612708
100,199,TXG920645,CN602879561,RN102287554,6/30/2005, ,OPPLIGER FEEDYARD INC,2875 US HIGHWAY 385 DIMMITT,TX,79027,34.339166,-102.30416,Beef cattle,CATTLE (Beef);,SIS0211/SIS0212, , , , ,41868, ,41868, ,-11388448,4074436
101,202,TXG920702,CN602979577,RN104876693,8/22/2006, ,"IRLBECK, JAMES ALFRED JR","Comanche Trail, Amarillo, TX 79119, USA",TX,79015,35.07,-101.98,Beef cattle,CATTLE (Beef);,SIS0211/SIS0212, , , , ,5582, ,5582, ,-11352363,4173399
102,204,TXG920732,CN603038746,RN101056471,4/3/2006, ,DEERFIELD FEEDERS INC,851 N STATE ROAD 168 SMYER,TX,79367,33.602222,-102.18527,Beef cattle,CATTLE (Beef);,SIS0211/SIS0212, , , , ,44676, ,44676, ,-11375213,3975515
103,210,TXG920810,CN603067240,RN102095353,7/16/2006, ,DAVIS MYERS & BLACK INC,5642 US HIGHWAY 385 VEGA,TX,79092,35.108055,-102.39416,Beef cattle,CATTLE (Beef);,SIS0211/SIS0212, , , , ,19447, ,19447, ,-11398467,4178576
104,211,TXG920811,CN603537382,RN102344686,7/16/2006, ,R & P FEEDYARD INC,400 FM 1055 HEREFORD,TX,79045,32.712222,-102.41,Beef cattle,CATTLE (Beef);,SIS0211/SIS0212, , , , ,7900, ,7900, ,-11400230,3857169
105,214,TXG920823,CN603075789,RN105015044,3/20/2007, ,WOODROW NELSON & SON INC,"TX-194, Dimmitt, TX 79027, USA",TX,79027,34.510555,-102.27277,Beef cattle,CATTLE (Beef);,SIS0211/SIS0212, , , , ,7443, ,7443, ,-11384954,4097566
106,220,TXG920841,CN603580093,RN105092613,9/23/2006, ,"REID, CLAY","FM281, Morse, TX 79062, USA",TX,79062,36.022222,-101.51222,Beef cattle,CATTLE (Beef);,SIS0211/SIS0212, , , , ,9928, ,9928, ,-11300290,4303680
107,221,TXG920844,CN600797492,RN105092621,9/30/2006, ,CHAMPION FEEDERS LLC,"W County Rd 34, Amarillo, TX 79119, USA",TX,79012,35.176666,-102.09972,Beef cattle,CATTLE (Beef);,SIS0211/SIS0212, , , , ,31025, ,31025, ,-11365690,4187916
108,223,TXG920851,CN603117557,RN102052925,10/18/2006, ,C S INVESTMENTS,14899 BRYANT RD DALHART,TX,79022,36.466111,-102.81222,Beef cattle,CATTLE (Beef);,SIS0211/SIS0212, , , , ,66515, ,66515, ,-11445005,4364949
109,227,TXG920874,CN603038746,RN103219168,12/21/2006, ,DEERFIELD FEEDERS INC,"Unnamed Road, Seminole, TX 79360, USA",TX,79360,32.750833,-103.00833,Beef cattle,CATTLE (Beef);,SIS0211/SIS0212, , , , ,51100, ,51100, ,-11466836,3862278
110,235,TXG920917,CN603160201,RN101620011,3/1/2007, ,STEVE EDWARDS FARMS INC,"US-70, Earth, TX 79031, USA",TX,0,34.234444,-102.498888,Beef cattle,CATTLE (Beef);,SIS0211/SIS0212, , , , ,17520, ,17520, ,-11410125,4060327
111,242,TXG920957,CN603195462,RN105233381,1/16/2008, ,SUNRISE FARMS,2648 COUNTY ROAD 614 NAZARETH,TX,79063,34.551666,-102.07833,Beef cattle,CATTLE (Beef);,SIS0211/SIS0212, , , , ,9744, ,9744, ,-11363309,4103121
112,243,TXG920959,CN603173030,RN105233373,11/12/2007, ,"HEFNER, TOMMY","Friona, TX 79035, USA",TX,79009,34.646111,-102.87222,Beef cattle,CATTLE (Beef);,SIS0211/SIS0212, , , , ,10056, ,10056, ,-11451684,4115893
113,244,TXG920961,CN603128786,RN105121156,12/19/2007, ,"ALLCORN, TROY DON",2131 US HIGHWAY 70 EARTH,TX,79031,34.203611,-102.26027,Beef cattle,CATTLE (Beef);,SIS0211/SIS0212, , , , ,5028, ,5028, ,-11383562,4056176
114,248,TXG921002,CN603271644,RN102380367,12/6/2007, ,PLAINVIEW FEEDERS II INC,1581 FM 788 KRESS,TX,79052,34.271388,-101.81972,Beef cattle,CATTLE (Beef);,SIS0211/SIS0212, , , , ,33507, ,33507, ,-11334520,4065302
115,255,TXG921045,CN601264948,RN105310551,3/16/2009, ,"BRISENO, ARTURO LOMELI","7685 Co Rd 403, Stephenville, TX 76401, USA",TX,76401,32.31795,-98.391178,Beef cattle,CATTLE (Beef);,SIS0211/SIS0212, , , , ,1022, ,1022, ,-10952857,3805120
116,261,TXG921063,CN603347055,RN102093317,5/31/2008, ,"WILHITE, ROBERT",4147 US HIGHWAY 60 HEREFORD,TX,79045,34.849444,-102.329166,Beef cattle,CATTLE (Beef);,SIS0211/SIS0212, , , , ,6482, ,6482, ,-11391232,4143441
117,262,TXG921071,CN600457972,RN105502397,2/19/2009, ,BELTEX CORPORATION,2180 COUNTY ROAD 120 MORTON,TX,79346,33,-102,Beef cattle,CATTLE (Beef);,SIS0211/SIS0212, , , , ,5457, ,5457, ,-11354589,3895305
118,263,TXG921074,CN603396144,RN102336773,8/7/2008, ,F TROOP FEEDERS INC,20 BARTLETT II RD HEREFORD,TX,79045,35.053333,-102.316666,Beef cattle,CATTLE (Beef);,SIS0211/SIS0212, , , , ,65700, ,65700, ,-11389840,4171132
119,266,TXG921083,CN600802631,RN102093341,8/29/2008, ,"BRAND, ELTJE FRANS",2325 CLUCK RD HART,TX,79043,34.416388,-102.244444,Beef cattle,CATTLE (Beef);,SIS0211/SIS0212, , , , ,55845, ,55845, ,-11381800,4084852
120,267,TXG921083,CN603554668,RN102093341,8/29/2008, ,"BRAND, JONIE ANN",2325 CLUCK RD HART,TX,79043,34.416388,-102.244444,Beef cattle,CATTLE (Beef);,SIS0211/SIS0212, , , , ,55845, ,55845, ,-11381800,4084852
121,268,TXG921092,CN603413972,RN101701423,10/9/2008, ,DEAN CLUCK FEEDYARD INC,105 DEAN CLUCK AVE GRUVER,TX,79040,36.177777,-101.680833,Beef cattle,CATTLE (Beef);,SIS0211/SIS0212, , , , ,81030, ,81030, ,-11319060,4325112
122,270,TXG921096,CN603420977,RN101527646,10/29/2008, ,AMIGOS BEEF CATTLE COMPANY LLC,18039 COUNTY ROAD 1634 EDROY,TX,78352,27.966666,-97.668333,Beef cattle,CATTLE (Beef);,SIS0211/SIS0212, , , , ,21927, ,21927, ,-10872390,3244772
123,273,TXG921109,CN603439175,RN102887080,1/14/2009, ,LONE OAK FEEDERS INC,2580 FM 847 STEPHENVILLE,TX,76401,32.171666,-98.220555,Beef cattle,CATTLE (Beef);,SIS0211/SIS0212, , , , ,2758, ,2758, ,-10933863,3785866
124,275,TXG921116,CN603448564,RN104574835,2/8/2009, ,TRIANGLE CATTLE COMPANY,"FM928, Tulia, TX 79088, USA",TX,79063,34.450555,-102.060833,Beef cattle,CATTLE (Beef);,SIS0211/SIS0212, , , , ,10176, ,10176, ,-11361361,4089463
125,276,TXG921118,CN603450370,RN101511855,2/13/2009, ,BRUINS DAIRY CATTLE LLC,10400 E FM 1912 AMARILLO,TX,79108,35.258333,-101.715833,Beef cattle,CATTLE (Beef);,SIS0211/SIS0212, , , , ,4088, ,4088, ,-11322956,4199044
126,277,TXG921129,CN601064280,RN100550391,5/14/2009, ,BEJS FEEDERS INC,"3751 FM2943, Hereford, TX 79045, USA",TX,79045,34.82485,-102.35525,Beef cattle,CATTLE (Beef);,SIS0211/SIS0212, , , , ,24820, ,24820, ,-11394135,4140105
127,285,TXG921147,CN603582032,RN102287398,11/2/2009, ,WHEELER LAND & LIVESTOCK LLC,15495 HIGHWAY 152 WHEELER,TX,79096,35.4609,-100.3273,Beef cattle,CATTLE (Beef);,SIS0211/SIS0212, , , , ,76650, ,76650, ,-11168385,4226694
128,287,TXG921150,CN603592999,RN102342607,11/25/2009, ,LS QUIEN SABE LLC,44841 IH 27 HAPPY,TX,79042,34.7625,-101.83333,Beef cattle,CATTLE (Beef);,SIS0211/SIS0212, , , , ,145854, ,145854, ,-11336035,4131653
129,290,TXG921157,CN603640921,RN105835854,7/9/2010, ,"JORDAN, KYNDA",1310 W US HIGHWAY 190 SAN SABA,TX,76877,31.205625,-98.77765,Beef cattle,CATTLE (Beef);,SIS0211/SIS0212, , , , ,6033, ,6033, ,-10995879,3659483
130,291,TXG921157,CN603640939,RN105835854,7/9/2010, ,"JORDAN, KENNETH",1310 W US HIGHWAY 190 SAN SABA,TX,76877,31.205625,-98.77765,Beef cattle,CATTLE (Beef);,SIS0211/SIS0212, , , , ,6033, ,6033, ,-10995879,3659483
131,292,TXG921159,CN603658535,RN102334364,4/6/2010, ,SENDERO FEEDYARD LLC,975 COUNTY ROAD 606 HEREFORD,TX,79045,34.6792,-102.3658,Beef cattle,CATTLE (Beef);,SIS0211/SIS0212, , , , ,81030, ,81030, ,-11395310,4120372
132,293,TXG921159,CN603658543,RN102334364,4/6/2010, ,OT FEEDYARD & RESEARCH CENTER LLC,975 COUNTY ROAD 606 HEREFORD,TX,79045,34.6792,-102.3658,Beef cattle,CATTLE (Beef);,SIS0211/SIS0212, , , , ,81030, ,81030, ,-11395310,4120372
133,301,TXG921168,CN603693540,RN101718070,7/6/2010, ,DOUBLE D FEEDYARD LLC,660 COUNTY ROAD 620 DIMMITT,TX,79027,34.46333,-102.42388,Beef cattle,CATTLE (Beef);,SIS0211/SIS0212, , , , ,48618, ,48618, ,-11401775,4091188
134,305,TXG921170,CN602984619,RN105965164,12/3/2010, ,"MCLAIN, LESLIE MICHAEL","FM760, Spearman, TX 79081, USA",TX,79040,36.24733,-101.19827,Beef cattle,CATTLE (Beef);,SIS0211/SIS0212, , , , ,3519.51, ,3519.51, ,-11265341,4334708
135,306,TXG921170,CN602984726,RN105965164,12/3/2010, ,"MCLAIN, DIANE","FM760, Spearman, TX 79081, USA",TX,79040,36.24733,-101.19827,Beef cattle,CATTLE (Beef);,SIS0211/SIS0212, , , , ,3519.51, ,3519.51, ,-11265341,4334708
136,307,TXG921170,CN603705864,RN105965164,12/3/2010, ,MC CATTLE COMPANY,"FM760, Spearman, TX 79081, USA",TX,79040,36.24733,-101.19827,Beef cattle,CATTLE (Beef);,SIS0211/SIS0212, , , , ,3519.51, ,3519.51, ,-11265341,4334708
137,308,TXG921170,CN603710351,RN105965164,12/3/2010, ,"MCLAIN, HOLLY","FM760, Spearman, TX 79081, USA",TX,79040,36.24733,-101.19827,Beef cattle,CATTLE (Beef);,SIS0211/SIS0212, , , , ,3519.51, ,3519.51, ,-11265341,4334708
138,309,TXG921170,CN603710369,RN105965164,12/3/2010, ,"MCCLOY, MOLLY","FM760, Spearman, TX 79081, USA",TX,79040,36.24733,-101.19827,Beef cattle,CATTLE (Beef);,SIS0211/SIS0212, , , , ,3519.51, ,3519.51, ,-11265341,4334708
139,310,TXG921170,CN603710377,RN105965164,12/3/2010, ,"MCLAIN, BUSTER","FM760, Spearman, TX 79081, USA",TX,79040,36.24733,-101.19827,Beef cattle,CATTLE (Beef);,SIS0211/SIS0212, , , , ,3519.51, ,3519.51, ,-11265341,4334708
140,311,TXG921170,CN603710385,RN105965164,12/3/2010, ,"MCCLOY, MARTY","FM760, Spearman, TX 79081, USA",TX,79040,36.24733,-101.19827,Beef cattle,CATTLE (Beef);,SIS0211/SIS0212, , , , ,3519.51, ,3519.51, ,-11265341,4334708
141,314,TXG921182,CN603413972,RN102599768,12/8/2010, ,DEAN CLUCK FEEDYARD INC,1575 FM 1055 DIMMITT,TX,79027,34.534444,-102.40555,Beef cattle,CATTLE (Beef);,SIS0211/SIS0212, , , , ,113880, ,113880, ,-11399735,4100793
142,315,TXG921187,CN603797374,RN102816832,1/7/2011, ,R&M CATTLE,1270 CR 1068 MULESHOE,TX,79347,34.207777,-102.81852,Beef cattle,CATTLE (Beef);,SIS0211/SIS0212, , , , ,21900, ,21900, ,-11445706,4056736
143,316,TXG921187,CN603797416,RN102816832,1/7/2011, ,"WILLIAMS, MARK",1270 CR 1068 MULESHOE,TX,79347,34.207777,-102.81852,Beef cattle,CATTLE (Beef);,SIS0211/SIS0212, , , , ,21900, ,21900, ,-11445706,4056736
144,317,TXG921187,CN603797424,RN102816832,1/7/2011, ,"WILLIAMS, RYAN",1270 CR 1068 MULESHOE,TX,79347,34.207777,-102.81852,Beef cattle,CATTLE (Beef);,SIS0211/SIS0212, , , , ,21900, ,21900, ,-11445706,4056736
145,319,TXG921190,CN603546425,RN105818611,9/14/2011, ,2-W INC,1360 COUNTY ROAD 272 LITTLEFIELD,TX,79339,33.956388,-102.3825,Beef cattle,CATTLE (Beef);,SIS0211/SIS0212, , , , ,6033, ,6033, ,-11397169,4022948
146,320,TXG921190,CN603732546,RN105818611,9/14/2011, ,"WALDEN, BRADLEY FRED",1360 COUNTY ROAD 272 LITTLEFIELD,TX,79339,33.956388,-102.3825,Beef cattle,CATTLE (Beef);,SIS0211/SIS0212, , , , ,6033, ,6033, ,-11397169,4022948
147,327,TXG921197,CN600798045,RN101852465,2/2/2011, ,CATTLE TOWN FEEDERS LTD,10625 COUNTY RD W # F SPEARMAN,TX,79081,36.246033,-101.1778,Beef cattle,CATTLE (Beef);,SIS0211/SIS0212, , , , ,141620, ,141620, ,-11263062,4334529
148,328,TXG921202,CN603814864,RN101701571,2/24/2011, ,WINTER GRAZING CORP,630 COUNTY ROAD 113 MULESHOE,TX,79347,34.708333,-102.425,Beef cattle,CATTLE (Beef);,SIS0211/SIS0212, , , , ,14585, ,14585, ,-11401900,4124316
149,331,TXG921209,CN603846999,RN102844388,5/7/2011, ,HEIFER HILL FARMS INC,"576 Co Rd 24, Muleshoe, TX 79347, USA",TX,79053,34.381388,-102.63111,Beef cattle,CATTLE (Beef);,SIS0211/SIS0212, , , , ,8760, ,8760, ,-11424844,4080130
150,332,TXG921216,CN603862293,RN101518637,6/6/2011, ,RANCHO LA PRESA NUEVA LLC,2141 FM 3176 DEVINE,TX,78016,29.078611,-98.922777,Beef cattle,CATTLE (Beef);,SIS0211/SIS0212, , , , ,8357, ,8357, ,-11012034,3385656
151,333,TXG921216,CN603862293,RN101518637,6/6/2011, ,RANCHO LA PRESA NUEVA LLC,2141 FM 3176 DEVINE,TX,78016,29.078611,-98.922777,Beef cattle,CATTLE (Beef);,SIS0211/SIS0212, , , , ,8357, ,8357, ,-11012034,3385656
152,339,TXG921232,CN602984262,RN102334802,10/23/2011, ,"SCIVALLY, KENNETH EUGENE",4592 COUNTY ROAD 8 HEREFORD,TX,79045,34.817777,-102.23166,Beef cattle,CATTLE (Beef);,SIS0211/SIS0212, , , , ,20166, ,20166, ,-11380377,4139146
153,340,TXG921232,CN603983917,RN102334802,10/23/2011, ,"MUSICK, STACY",4592 COUNTY ROAD 8 HEREFORD,TX,79045,34.817777,-102.23166,Beef cattle,CATTLE (Beef);,SIS0211/SIS0212, , , , ,20166, ,20166, ,-11380377,4139146
154,342,TXG921248,CN604028308,RN102336286,1/20/2012, ,CHAMBLISS LAND LLC,5376 FM 545 MELISSA,TX,75454,33.296111,-96.51,Beef cattle,CATTLE (Beef);,SIS0211/SIS0212, , , , ,19491, ,19491, ,-10743445,3934675
155,343,TXG921248,CN604028332,RN102336286,1/20/2012, ,MELISSA FEEDERS LLC,5376 FM 545 MELISSA,TX,75454,33.296111,-96.51,Beef cattle,CATTLE (Beef);,SIS0211/SIS0212, , , , ,19491, ,19491, ,-10743445,3934675
156,348,TXG921257,CN604052118,RN101522878,3/7/2012, ,"CRAFT, JOYCE","Co Rd DD, Canadian, TX 79014, USA",TX,79014,36.086333,-100.3623,Beef cattle,CATTLE (Beef);,SIS0211/SIS0212, , , , ,9634, ,9634, ,-11172281,4312508
157,349,TXG921257,CN604052142,RN101522878,3/7/2012, ,SAND HILL LIVESTOCK LLC,"Co Rd DD, Canadian, TX 79014, USA",TX,79014,36.086333,-100.3623,Beef cattle,CATTLE (Beef);,SIS0211/SIS0212, , , , ,9634, ,9634, ,-11172281,4312508
158,352,TXG921265,CN603832098,RN105889760,4/22/2012, ,MCCLAIN FEED YARD INC,"4010 FM1057, Hereford, TX 79045, USA",TX,79045,34.86879,-102.50972,Beef cattle,CATTLE (Beef);,SIS0211/SIS0212, , , , ,3017, ,3017, ,-11411331,4146065
159,357,TXG921275,CN604100917,RN101512671,6/20/2012, ,GUESS DAIRY LLC,280 HIGHWAY 86 HEREFORD,TX,79045,34.526944,-102.49666,Beef cattle,CATTLE (Beef);,SIS0211/SIS0212, , , , ,12410, ,12410, ,-11409877,4099780
160,359,TXG921277,CN604118695,RN106480429,2/28/2013, ,PEGGY L DUKE CONTRIBUTION TRUST,13924 FM 377 BOOKER,TX,79005,36.3915,-100.5867,Beef cattle,CATTLE (Beef);,SIS0211/SIS0212, , , , ,5027.88, ,5027.88, ,-11197261,4354627
161,360,TXG921277,CN604122655,RN106480429,2/28/2013, ,"DUKE, JOHN",13924 FM 377 BOOKER,TX,79005,36.3915,-100.5867,Beef cattle,CATTLE (Beef);,SIS0211/SIS0212, , , , ,5027.88, ,5027.88, ,-11197261,4354627
162,361,TXG921277,CN604122671,RN106480429,2/28/2013, ,"DUKE, PEGGY LEORA",13924 FM 377 BOOKER,TX,79005,36.3915,-100.5867,Beef cattle,CATTLE (Beef);,SIS0211/SIS0212, , , , ,5027.88, ,5027.88, ,-11197261,4354627
163,368,TXG921283,CN603605130,RN106514300,11/18/2013, ,INGURAN LLC,22575 STATE HIGHWAY 6 S NAVASOTA,TX,77868,30.480776,-96.178048,Beef cattle,CATTLE (Beef);,SIS0211/SIS0212, , , , ,16060, ,16060, ,-10706492,3565501
164,369,TXG921283,CN604142265,RN106514300,11/18/2013, ,APISPEDIGREE LP,22575 STATE HIGHWAY 6 S NAVASOTA,TX,77868,30.480776,-96.178048,Beef cattle,CATTLE (Beef);,SIS0211/SIS0212, , , , ,16060, ,16060, ,-10706492,3565501
165,371,TXG921288,CN604176461,RN101513364,12/5/2012, ,HUDSON ROCKY CREEK RANCH LP,12818 N US HIGHWAY 67 MILES,TX,76861,31.3456,-100.1321,Beef cattle,CATTLE (Beef);,SIS0211/SIS0212, , , , ,41325, ,41325, ,-11146655,3677714
166,374,TXG921293,CN604253856,RN106582281,10/7/2013, ,"ALLEN, WILLIAM ROY","Conlen Ln, Dalhart, TX 79022, USA",TX,79022,36.2244,-102.2261,Beef cattle,CATTLE (Beef);,SIS0211/SIS0212, , , , ,60225, ,60225, ,-11379758,4331543
167,375,TXG921296,CN604262816,RN105377618,1/31/2013, ,K & C LAND COMPANY LLC,3799 COUNTY ROAD 22 HEREFORD,TX,79045,35.078055,-102.372222,Beef cattle,CATTLE (Beef);,SIS0211/SIS0212, , , , ,3256, ,3256, ,-11396025,4174494
168,376,TXG921296,CN604262824,RN105377618,1/31/2013, ,ROADRUNNER CATTLE CO,3799 COUNTY ROAD 22 HEREFORD,TX,79045,35.078055,-102.372222,Beef cattle,CATTLE (Beef);,SIS0211/SIS0212, , , , ,3256, ,3256, ,-11396025,4174494
169,379,TXG921302,CN604327700,RN103013108,5/22/2013, ,SOUTH PLAINS AG ENTERPRISES LLC,562 COUNTY ROAD 22 MULESHOE,TX,79347,34.378611,-102.65888,Beef cattle,CATTLE (Beef);,SIS0211/SIS0212, , , , ,3077, ,3077, ,-11427935,4079755
170,380,TXG921302,CN604328070,RN103013108,5/22/2013, ,SOUTH PLAINS CATTLE CO LLC,562 COUNTY ROAD 22 MULESHOE,TX,79347,34.378611,-102.65888,Beef cattle,CATTLE (Beef);,SIS0211/SIS0212, , , , ,3077, ,3077, ,-11427935,4079755
171,381,TXG921303,CN604329136,RN102180957,5/22/2013, ,SPECK RANCHES LP,1900 FM 2126 EARLY,TX,76802,31.702778,-98.925556,Beef cattle,CATTLE (Beef);,SIS0211/SIS0212, , , , ,5030, ,5030, ,-11012343,3724359
172,382,TXG921303,CN604329151,RN102180957,5/22/2013, ,SPECK CATTLE LLC,1900 FM 2126 EARLY,TX,76802,31.702778,-98.925556,Beef cattle,CATTLE (Beef);,SIS0211/SIS0212, , , , ,5030, ,5030, ,-11012343,3724359
173,401,TXG921327,CN600493795,RN107021040,6/4/2014, ,BAEZA CATTLE COMPANY INC,1100 CATTLE DR PRESIDIO,TX,79845,29.559858,-104.343639,Beef cattle,CATTLE (Beef);,SIS0211/SIS0212, , , , ,1734, ,1734, ,-11615482,3447099
174,402,TXG921327,CN604552703,RN107021040,6/4/2014, ,"BAEZA, SALVADOR",1100 CATTLE DR PRESIDIO,TX,79845,29.559858,-104.343639,Beef cattle,CATTLE (Beef);,SIS0211/SIS0212, , , , ,1734, ,1734, ,-11615482,3447099
175,403,TXG921328,CN604492603,RN107021420,7/9/2014, ,HOLGATE LAND & CATTLE COMPANY,"Co Rd 120, Plains, TX 79355, USA",TX,79355,33.330106,-102.75557,Beef cattle,CATTLE (Beef);,SIS0211/SIS0212, , , , ,1734, ,1734, ,-11438699,3939203
176,404,TXG921329,CN604499350,RN107046443,7/3/2014, ,THE DAVID H HICKS IRREVOCABLE TRUST,850 COUNTY ROAD 319 SEMINOLE,TX,79360,32.6185,-102.8147,Beef cattle,CATTLE (Beef);,SIS0211/SIS0212, , , , ,5028, ,5028, ,-11445281,3844776
177,405,TXG921329,CN604499459,RN107046443,7/3/2014, ,"DAVIS, CHARLES DAVID",850 COUNTY ROAD 319 SEMINOLE,TX,79360,32.6185,-102.8147,Beef cattle,CATTLE (Beef);,SIS0211/SIS0212, , , , ,5028, ,5028, ,-11445281,3844776
178,406,TXG921329,CN604499509,RN107046443,7/3/2014, ,"HICKS, CELESTA WICKSON",850 COUNTY ROAD 319 SEMINOLE,TX,79360,32.6185,-102.8147,Beef cattle,CATTLE (Beef);,SIS0211/SIS0212, , , , ,5028, ,5028, ,-11445281,3844776
179,407,TXG921333,CN604511972,RN101701837,1/8/2014, ,CARSON COUNTY FEEDERS LLC,1925 FM 2385 PANHANDLE,TX,79068,35.450555,-101.30055,Beef cattle,CATTLE (Beef);,SIS0211/SIS0212, , , , ,32850, ,32850, ,-11276727,4225280
180,408,TXG921334,CN604518597,RN107110702,6/30/2014, ,"WILLIAMS, JASON NOBLE",630 COUNTY ROAD 1234 SUDAN,TX,79355,33.973434,-102.932045,Beef cattle,CATTLE (Beef);,SIS0211/SIS0212, , , , ,1445, ,1445, ,-11458344,4025236
181,409,TXG921334,CN604518621,RN107110702,6/30/2014, ,"WILLIAMS, SHANDI RAE",630 COUNTY ROAD 1234 SUDAN,TX,79355,33.973434,-102.932045,Beef cattle,CATTLE (Beef);,SIS0211/SIS0212, , , , ,1445, ,1445, ,-11458344,4025236
182,410,TXG921335,CN604524785,RN101702991,1/19/2014, ,GRAND ORGANIXX LTD,3595 TIERRA BLANCA RD HEREFORD,TX,79045,34.806944,-102.46138,Beef cattle,CATTLE (Beef);,SIS0211/SIS0212, , , , ,75920, ,75920, ,-11405950,4137677
183,411,TXG921336,CN600797195,RN101700490,3/9/2014, ,HANSFORD COUNTY FEEDERS LP,13965 HIGHWAY 207 SPEARMAN,TX,79081,36.319722,-101.354166,Beef cattle,CATTLE (Beef);,SIS0211/SIS0212, , , , ,48618, ,48618, ,-11282695,4344705
184,412,TXG921336,CN601104771,RN101700490,3/9/2014, ,HOLT BROTHERS,13965 HIGHWAY 207 SPEARMAN,TX,79081,36.319722,-101.354166,Beef cattle,CATTLE (Beef);,SIS0211/SIS0212, , , , ,48618, ,48618, ,-11282695,4344705
185,418,TXG921346,CN604608505,RN101525285,6/19/2014, ,TIERRA DE ESPERANZA LTD,4677 COUNTY ROAD 15 HEREFORD,TX,79025,34.966666,-102.21944,Beef cattle,CATTLE (Beef);,SIS0211/SIS0212, , , , ,31025, ,31025, ,-11379017,4159353
186,419,TXG921346,CN604608513,RN101525285,6/19/2014, ,GO FOODS LP,4677 COUNTY ROAD 15 HEREFORD,TX,79025,34.966666,-102.21944,Beef cattle,CATTLE (Beef);,SIS0211/SIS0212, , , , ,31025, ,31025, ,-11379017,4159353
187,423,TXG921351,CN604662619,RN101526291,8/20/2014, ,"STANFORD, CHARLES",297 COUNTY ROAD 112 VERHALEN,TX,79772,31.1765,-103.53383,Beef cattle,CATTLE (Beef);,SIS0211/SIS0212, , , , ,19317, ,19317, ,-11525334,3655693
188,426,TXG921353,CN604669499,RN102817293,8/29/2014, ,GRIMES TRADING LLC,174 PRIVATE ROAD 1407 DUBLIN,TX,76446,31.983611,-98.269722,Beef cattle,CATTLE (Beef);,SIS0211/SIS0212, , , , ,2305, ,2305, ,-10939336,3761160
189,427,TXG921353,CN604669507,RN102817293,8/29/2014, ,GRIMES OPERATIONS LLC,174 PRIVATE ROAD 1407 DUBLIN,TX,76446,31.983611,-98.269722,Beef cattle,CATTLE (Beef);,SIS0211/SIS0212, , , , ,2305, ,2305, ,-10939336,3761160
190,428,TXG921354,CN604677427,RN101720563,9/18/2014, ,MCLEAN FARM LLC,13948 COUNTY ROAD A MCLEAN,TX,79057,35.176666,-100.60194,Beef cattle,CATTLE (Beef);,SIS0211/SIS0212, , , , ,40515, ,40515, ,-11198958,4187916
191,440,TXG921365,CN604552679,RN102755071,5/19/2015, ,BROKEN O CATTLE LP,12070 N US HIGHWAY 281 HICO,TX,76457,31.884166,-98.098611,Beef cattle,CATTLE (Beef);,SIS0211/SIS0212, , , , ,2190, ,2190, ,-10920288,3748116
192,450,TXG921373,CN604719088,RN101609485,12/14/2014, ,ODYSSEY CATTLE FEEDERS LP,3245 FM 1524 DIMMITT,TX,79027,34.427222,-102.31777,Beef cattle,CATTLE (Beef);,SIS0211/SIS0212, , , , ,24309, ,24309, ,-11389963,4086314
193,456,TXG921379,CN604731414,RN101512549,1/11/2015, ,CANADIAN FEEDYARDS LLLP,11699 COUNTY ROAD 12 CANADIAN,TX,79014,36.005,-100.31583,Beef cattle,CATTLE (Beef);,SIS0211/SIS0212, , , , ,81030, ,81030, ,-11167108,4301310
194,458,TXG921381,CN602620429,RN101528180,1/15/2015, ,HEMINK FARMS LTD,2635 COUNTY ROAD 521 HART,TX,79043,34.372222,-102.17861,Beef cattle,CATTLE (Beef);,SIS0211/SIS0212, , , , ,73000, ,73000, ,-11374472,4078893
195,459,TXG921381,CN603443607,RN101528180,1/15/2015, ,SPANDET DAIRY LLC,2635 COUNTY ROAD 521 HART,TX,79043,34.372222,-102.17861,Beef cattle,CATTLE (Beef);,SIS0211/SIS0212, , , , ,73000, ,73000, ,-11374472,4078893
196,460,TXG921382,CN600923239,RN102093218,1/11/2015, ,FEEDYARDS INC,14695 FM 1261 SPEARMAN,TX,79081,36.481388,-101.23861,Beef cattle,CATTLE (Beef);,SIS0211/SIS0212, , , , ,55865, ,55865, ,-11269832,4367064
197,461,TXG921383,CN603413972,RN101513810,12/22/2014, ,DEAN CLUCK FEEDYARD INC,1200 FM 1055 HEREFORD,TX,79045,34.594166,-102.41083,Beef cattle,CATTLE (Beef);,SIS0211/SIS0212, , , , ,16206, ,16206, ,-11400322,4108867
198,462,TXG921384,CN600923239,RN102078219,1/11/2015, ,FEEDYARDS INC,14001 COUNTY ROAD 9 STRATFORD,TX,79084,36.312222,-102.03944,Beef cattle,CATTLE (Beef);,SIS0211/SIS0212, , , , ,126914, ,126914, ,-11358980,4343669
199,465,TXG921387,CN600923239,RN102078565,1/11/2015, ,FEEDYARDS INC,3865 FM 2943 HEREFORD,TX,79045,34.861666,-102.33833,Beef cattle,CATTLE (Beef);,SIS0211/SIS0212, , , , ,55845, ,55845, ,-11392252,4145099
200,466,TXG921388,CN600923239,RN102909975,1/11/2015, ,FEEDYARDS INC,13352 FM 2711 PERRYTON,TX,79070,36.277777,-100.66861,Beef cattle,CATTLE (Beef);,SIS0211/SIS0212, , , , ,105300, ,105300, ,-11206379,4338912
201,467,TXG921389,CN600923239,RN102181062,1/11/2015, ,FEEDYARDS INC,7231 FM 2698 TULIA,TX,79088,34.6475,-101.78555,Beef cattle,CATTLE (Beef);,SIS0211/SIS0212, , , , ,68255, ,68255, ,-11330717,4116081
202,468,TXG921390,CN600923239,RN101777068,1/11/2015, ,FEEDYARDS INC,12100 CACTUS FEEDERS RD CACTUS,TX,79013,36.047222,-102.03138,Beef cattle,CATTLE (Beef);,SIS0211/SIS0212, , , , ,126360, ,126360, ,-11358082,4307122
203,470,TXG921392,CN604737684,RN101700995,1/15/2015, ,VANCE AND RUTH MORRIS TRUST,8075 COUNTY ROAD Y GRUVER,TX,79040,36.154166,-101.62388,Beef cattle,CATTLE (Beef);,SIS0211/SIS0212, , , , ,11790, ,11790, ,-11312720,4321856
204,471,TXG921392,CN604767434,RN101700995,1/15/2015, ,MORRIS STOCK FARM LLC,8075 COUNTY ROAD Y GRUVER,TX,79040,36.154166,-101.62388,Beef cattle,CATTLE (Beef);,SIS0211/SIS0212, , , , ,11790, ,11790, ,-11312720,4321856
205,472,TXG921392,CN604767681,RN101700995,1/15/2015, ,"MORRIS, JOSEPH LEE",8075 COUNTY ROAD Y GRUVER,TX,79040,36.154166,-101.62388,Beef cattle,CATTLE (Beef);,SIS0211/SIS0212, , , , ,11790, ,11790, ,-11312720,4321856
206,473,TXG921392,CN604767731,RN101700995,1/15/2015, ,"MORRIS, SHERRY RUTH",8075 COUNTY ROAD Y GRUVER,TX,79040,36.154166,-101.62388,Beef cattle,CATTLE (Beef);,SIS0211/SIS0212, , , , ,11790, ,11790, ,-11312720,4321856
207,477,TXG921394,CN600923239,RN101517951,1/11/2015, ,FEEDYARDS INC,1635 FM 179 HALE CENTER,TX,79041,34.09064,-101.9801,Beef cattle,CATTLE (Beef);,SIS0211/SIS0212, , , , ,100448, ,100448, ,-11352374,4040980
208,478,TXG921395,CN604743336,RN101610137,1/28/2015, ,LOFTON 2014 TRUST,671 COUNTY ROAD 120 LOCKNEY,TX,79241,34.180833,-101.46111,Beef cattle,CATTLE (Beef);,SIS0211/SIS0212, , , , ,86870, ,86870, ,-11294600,4053110
209,479,TXG921395,CN604743344,RN101610137,1/28/2015, ,WESTERN CATTLE FEEDERS LLC,671 COUNTY ROAD 120 LOCKNEY,TX,79241,34.180833,-101.46111,Beef cattle,CATTLE (Beef);,SIS0211/SIS0212, , , , ,86870, ,86870, ,-11294600,4053110
210,480,TXG921395,CN604783597,RN101610137,1/28/2015, ,"LOFTON, ROBERT ALFRED",671 COUNTY ROAD 120 LOCKNEY,TX,79241,34.180833,-101.46111,Beef cattle,CATTLE (Beef);,SIS0211/SIS0212, , , , ,86870, ,86870, ,-11294600,4053110
211,481,TXG921395,CN604783613,RN101610137,1/28/2015, ,"LOFTON, ANDREA DEE",671 COUNTY ROAD 120 LOCKNEY,TX,79241,34.180833,-101.46111,Beef cattle,CATTLE (Beef);,SIS0211/SIS0212, , , , ,86870, ,86870, ,-11294600,4053110
212,483,TXG921397,CN602504508,RN102096450,1/16/2015, ,"SKIPPER, DUWANE DAVID","Unnamed Road, Perryton, TX 79070, USA",TX,79005,36.262777,-100.53361,Beef cattle,CATTLE (Beef);,SIS0211/SIS0212, , , , ,4052, ,4052, ,-11191351,4336840
213,494,TXG921406,CN604782201,RN102806494,11/16/2015, ,DOS EX CATTLE CO LLC,"10896 McClary Rd, Dumas, TX 79029, USA",TX,79029,35.894166,-101.95222,Beef cattle,CATTLE (Beef);,SIS0211/SIS0212, , , , ,9304, ,9304, ,-11349270,4286069
214,497,TXG921409,CN604786053,RN101524254,1/17/2015, ,COCHRAN COUNTY FEEDERS INC,2205 COUNTY ROAD 110 MORTON,TX,79346,33.677777,-102.67583,Beef cattle,CATTLE (Beef);,SIS0211/SIS0212, , , , ,55845, ,55845, ,-11429822,3985618
215,507,TXG921421,CN604832170,RN103036687,5/23/2015, ,VACA CORRALES LLC,10440 US HIGHWAY 83 CANADIAN,TX,79014,35.81,-100.39611,Beef cattle,CATTLE (Beef);,SIS0211/SIS0212, , , , ,22688, ,22688, ,-11176045,4274510
216,510,TXG921426,CN604907139,RN101717569,7/31/2015, ,CANTEX FEEDERS LP,3900 COUNTY ROAD 23 HEDLEY,TX,79237,34.858333,-100.70833,Beef cattle,CATTLE (Beef);,SIS0211/SIS0212, , , , ,64824, ,64824, ,-11210801,4144647
217,514,TXG921431,CN604940627,RN101774537,10/10/2015, ,DIAMOND B FEEDYARD LLC,7405 FM 928 TULIA,TX,79088,34.724722,-101.54666,Beef cattle,CATTLE (Beef);,SIS0211/SIS0212, , , , ,40606, ,40606, ,-11304123,4126535
218,519,TXG921435,CN604892174,RN103063418,1/13/2016, ,DB CATTLE FEEDERS LLC,13850 CARRIZO RD TEXLINE,TX,79087,36.291666,-103.00833,Beef cattle,CATTLE (Beef);,SIS0211/SIS0212, , , , ,52743, ,52743, ,-11466836,4340830
219,520,TXG921436,CN605067339,RN101527067,1/24/2016, ,"BUSHER, KEVIN BUD",202 COUNTY ROAD 300 WINTERS,TX,79567,31.990444,-99.991555,Beef cattle,CATTLE (Beef);,SIS0211/SIS0212, , , , ,23260, ,23260, ,-11131010,3762057
220,521,TXG921437,CN603847476,RN102852654,1/13/2016, ,JBS LIVE PORK LLC,13301 US HIGHWAY 87 DALHART,TX,79022,36.195833,-102.8,Beef cattle,CATTLE (Beef);,SIS0211/SIS0212, , , , ,37995, ,37995, ,-11443645,4327602
221,522,TXG921438,CN604149997,RN106583404,2/7/2016, ,"SANCHEZ, SAMUEL",1110 E STOCKYARD RD PRESIDIO,TX,79845,29.5574,-104.3539,Beef cattle,CATTLE (Beef);,SIS0211/SIS0212, , , , ,2168.1, ,2168.1, ,-11616624,3446784
222,527,TXG921442,CN605118629,RN102575180,3/29/2016, ,LUBBOCK FEEDERS LLC,8001 SOUTHEAST DR LUBBOCK,TX,79453,33.523888,-101.77555,Beef cattle,CATTLE (Beef);,SIS0211/SIS0212, , , , ,81030, ,81030, ,-11329603,3965050
223,528,TXG921444,CN605120955,RN101518249,3/24/2016, ,EARLY SETTLERS FARM LLC,12395 US HIGHWAY 287 STRATFORD,TX,79084,36.079444,-102.02638,Beef cattle,CATTLE (Beef);,SIS0211/SIS0212, , , , ,12045, ,12045, ,-11357526,4311559
224,532,TXG921447,CN600800981,RN109212407,4/26/2017, ,CAVINESS PACKING COMPANY INC,"3375 Co Rd HH, Hereford, TX 79045, USA",TX,79045,34.7762,-102.4443,Beef cattle,CATTLE (Beef);,SIS0211/SIS0212, , , , ,6022.5, ,6022.5, ,-11404048,4133510
225,541,TXG921456,CN605196690,RN101701605,7/27/2016, ,FRONTERA CATTLE COMPANY II LLC,531 COUNTY ROAD 153 MULESHOE,TX,79347,34.233333,-102.77111,Beef cattle,CATTLE (Beef);,SIS0211/SIS0212, , , , ,83768, ,83768, ,-11440429,4060177
226,550,TXG921468,CN600923148,RN102076122,11/4/2016, ,FRIONA INDUSTRIES LP,600 US HIGHWAY 60 BOVINA,TX,79009,34.4769,-102.9172,Beef cattle,CATTLE (Beef);,SIS0211/SIS0212, , , , ,86870, ,86870, ,-11456691,4093020
227,551,TXG921469,CN600923148,RN102178829,11/4/2016, ,FRIONA INDUSTRIES LP,2795 US HIGHWAY 54 DALHART,TX,79022,36.015277,-102.58861,Beef cattle,CATTLE (Beef);,SIS0211/SIS0212, , , , ,48750, ,48750, ,-11420113,4302724
228,555,TXG921477,CN603462565,RN102917085,1/13/2017, ,HARD MONEY LTD,"13216-13220 FM119, Sunray, TX 79086, USA",TX,79040,36.196111,-101.823055,Beef cattle,CATTLE (Beef);,SIS0211/SIS0212, , , , ,4862, ,4862, ,-11334892,4327640
229,556,TXG921478,CN601129612,RN102096724,5/3/2018, ,"RILEY, JOE MAC",435 PRIVATE ROAD 1370 DUBLIN,TX,76401,32.021666,-98.346666,Beef cattle,CATTLE (Beef);,SIS0211/SIS0212, , , , ,1214, ,1214, ,-10947902,3766156
230,557,TXG921478,CN605305416,RN102096724,5/3/2018, ,"WHALEY, JORDAN DAVID",435 PRIVATE ROAD 1370 DUBLIN,TX,76401,32.021666,-98.346666,Beef cattle,CATTLE (Beef);,SIS0211/SIS0212, , , , ,1214, ,1214, ,-10947902,3766156
231,558,TXG921479,CN600802631,RN102286796,2/17/2017, ,"BRAND, ELTJE FRANS",1460 FM 1760 MULESHOE,TX,79347,34.233333,-102.78888,Beef cattle,CATTLE (Beef);,SIS0211/SIS0212, , , , ,44577, ,44577, ,-11442407,4060177
232,559,TXG921479,CN605230648,RN102286796,2/17/2017, ,RELIABLE FEEDERS LLC,1460 FM 1760 MULESHOE,TX,79347,34.233333,-102.78888,Beef cattle,CATTLE (Beef);,SIS0211/SIS0212, , , , ,44577, ,44577, ,-11442407,4060177
233,560,TXG921480,CN605320472,RN105179006,2/22/2017, ,DDG INVESTMENTS LLC,4443 COUNTY ROAD 5 HEREFORD,TX,79045,34.792777,-102.273333,Beef cattle,CATTLE (Beef);,SIS0211/SIS0212, , , , ,9304, ,9304, ,-11385016,4135757
234,563,TXG921483,CN605326172,RN101519809,3/1/2017, ,CROCKER JUSTIN,3356 OLD JUNCTION RD MASON,TX,76856,30.672777,-99.293333,Beef cattle,CATTLE (Beef);,SIS0211/SIS0212, , , , ,11500, ,11500, ,-11053284,3590326
235,564,TXG921484,CN600722797,RN103214961,3/9/2017, ,CMM GRAIN COMPANY INC,10918 US HIGHWAY 82 W SEYMOUR,TX,76380,33.620833,-99.469166,Beef cattle,CATTLE (Beef);,SIS0211/SIS0212, , , , ,14892, ,14892, ,-11072858,3978003
236,565,TXG921484,CN605329655,RN103214961,3/9/2017, ,VERA EARL SLAGGLE FEEDERS LLC,10918 US HIGHWAY 82 W SEYMOUR,TX,76380,33.620833,-99.469166,Beef cattle,CATTLE (Beef);,SIS0211/SIS0212, , , , ,14892, ,14892, ,-11072858,3978003
237,566,TXG921486,CN605337278,RN102990173,3/23/2017, ,GREEN PLAINS CATTLE COMPANY LLC,5150 GREAT PLAINS DR HEREFORD,TX,79045,35.033055,-102.48,Beef cattle,CATTLE (Beef);,SIS0211/SIS0212, , , , ,49275, ,49275, ,-11408022,4168375
238,582,TXG921495,CN605367168,RN104063136,5/11/2017, ,NORTEX FEEDERS LLC,12153 FM 3489 DALHART,TX,79022,36.069166,-102.58277,Beef cattle,CATTLE (Beef);,SIS0211/SIS0212, , , , ,87107, ,87107, ,-11419463,4310144
239,583,TXG921496,CN605367168,RN102805660,5/11/2017, ,NORTEX FEEDERS LLC,"Ranch Rd 3489, Dalhart, TX 79022, USA",TX,79022,36.075,-102.58805,Beef cattle,CATTLE (Beef);,SIS0211/SIS0212, , , , ,8103, ,8103, ,-11420051,4310947
240,585,TXG921500,CN601068265,RN102184199,9/9/2017, ,VERIBEST AG SUPPLIES INC,3913 VERIBEST PARK RD MILES,TX,76861,31.510555,-100.251111,Beef cattle,CATTLE (Beef);,SIS0211/SIS0212, , , , ,10083, ,10083, ,-11159904,3699234
241,586,TXG921500,CN602482184,RN102184199,9/9/2017, ,LIPAN CATTLE FEEDERS LLC,3913 VERIBEST PARK RD MILES,TX,76861,31.510555,-100.251111,Beef cattle,CATTLE (Beef);,SIS0211/SIS0212, , , , ,10083, ,10083, ,-11159904,3699234
242,587,TXG921501,CN605424928,RN100775006,9/15/2017, ,MSKI MANAGEMENT LLC,2473 N FM 51 DECATUR,TX,76234,33.269444,-97.547222,Beef cattle,CATTLE (Beef);,SIS0211/SIS0212, , , , ,4110, ,4110, ,-10858908,3931124
243,594,TXG921507,CN605461623,RN101291169,12/29/2017, ,"THOMAS, WILLIAM JOSEPH",250 CR 359 DUBLIN,TX,76446,31.94,-98.248333,Beef cattle,CATTLE (Beef);,SIS0211/SIS0212, , , , ,8286, ,8286, ,-10936955,3755438
244,598,TXG921510,CN605475573,RN101702801,3/1/2018, ,FCCAI LLC,8074 HIGHWAY 152 WHEELER,TX,79096,35.472777,-100.36,Beef cattle,CATTLE (Beef);,SIS0211/SIS0212, , , , ,145854, ,145854, ,-11172025,4228318
245,599,TXG921511,CN603934019,RN110299708,3/12/2019, ,REEDER CATTLE COMPANY,14998 CR 13 STRATFORD,TX,79084,36.456388,-101.954166,Beef cattle,CATTLE (Beef);,SIS0211/SIS0212, , , , ,20075, ,20075, ,-11349487,4363604
246,600,TXG921511,CN605483064,RN110299708,3/12/2019, ,TWO LAKES LAND & CATTLE LLC,14998 CR 13 STRATFORD,TX,79084,36.456388,-101.954166,Beef cattle,CATTLE (Beef);,SIS0211/SIS0212, , , , ,20075, ,20075, ,-11349487,4363604
247,603,TXG921514,CN605489301,RN102096427,3/8/2018, ,"FISCHBACHER, JIM DALE",3378 CR 4 HEREFORD,TX,79045,34.778333,-102.4775,Beef cattle,CATTLE (Beef);,SIS0211/SIS0212, , , , ,1215, ,1215, ,-11407744,4133799
248,604,TXG921517,CN601129810,RN102095502,4/23/2018, ,"BORGES, JOE MENDES","Co Rd 356, Dublin, TX 76446, USA",TX,76446,32.2465,-98.4557,Beef cattle,CATTLE (Beef);,SIS0211/SIS0212, , , , ,9745, ,9745, ,-10960039,3795712
249,605,TXG921517,CN604540328,RN102095502,4/23/2018, ,"BORGES, MARY FRANCIS","Co Rd 356, Dublin, TX 76446, USA",TX,76446,32.2465,-98.4557,Beef cattle,CATTLE (Beef);,SIS0211/SIS0212, , , , ,9745, ,9745, ,-10960039,3795712
250,606,TXG921518,CN605521475,RN101527885,4/25/2018, ,LAZBUDDIE FEEDYARD LLC,1455 COUNTY ROAD 24 LAZBUDDIE,TX,79053,34.356388,-102.61972,Beef cattle,CATTLE (Beef);,SIS0211/SIS0212, , , , ,29786, ,29786, ,-11423576,4076758
251,607,TXG921519,CN605523828,RN101524445,4/21/2018, ,TIERRA BLANCA CATTLE FEEDERS LP,3476 COUNTY ROAD 9 HEREFORD,TX,79045,34.865833,-102.444722,Beef cattle,CATTLE (Beef);,SIS0211/SIS0212, , , , ,53053, ,53053, ,-11404095,4145664
252,608,TXG921520,CN605529387,RN101526135,4/29/2018, ,"MORRIS, JASON",4255 FM 1259 HEREFORD,TX,79045,34.809444,-102.30833,Beef cattle,CATTLE (Beef);,SIS0211/SIS0212, , , , ,6334, ,6334, ,-11388912,4138016
253,609,TXG921520,CN605529395,RN101526135,4/29/2018, ,MORRIS CATTLE FEEDERS LLC,4255 FM 1259 HEREFORD,TX,79045,34.809444,-102.30833,Beef cattle,CATTLE (Beef);,SIS0211/SIS0212, , , , ,6334, ,6334, ,-11388912,4138016
254,610,TXG921521,CN603609280,RN102094968,6/1/2018, ,CBJ FARMS,995 FM 145 DIMMITT,TX,79027,34.3838,-102.3774,Beef cattle,CATTLE (Beef);,SIS0211/SIS0212, , , , ,67824, ,67824, ,-11396601,4080455
255,611,TXG921521,CN604027946,RN102094968,6/1/2018, ,SPYKSMA RANCH LLC,995 FM 145 DIMMITT,TX,79027,34.3838,-102.3774,Beef cattle,CATTLE (Beef);,SIS0211/SIS0212, , , , ,67824, ,67824, ,-11396601,4080455
256,620,TXG921525,CN605555861,RN104618459,8/2/2018, ,BLUE NOSE CATTLE LLC,"1724 Co Rd 628, Dimmitt, TX 79027, USA",TX,79043,34.347777,-102.24666,Beef cattle,CATTLE (Beef);,SIS0211/SIS0212, , , , ,19310, ,19310, ,-11382047,4075597
257,621,TXG921526,CN605555861,RN104618491,8/2/2018, ,BLUE NOSE CATTLE LLC,1750 COUNTY ROAD 628 HART,TX,79043,34.346666,-102.24666,Beef cattle,CATTLE (Beef);,SIS0211/SIS0212, , , , ,31025, ,31025, ,-11382047,4075447
258,622,TXG921527,CN605337278,RN102076775,8/7/2018, ,GREEN PLAINS CATTLE COMPANY LLC,6443 FM 928 TULIA,TX,79088,34.457361,-101.94766,Beef cattle,CATTLE (Beef);,SIS0211/SIS0212, , , , ,83768, ,83768, ,-11348763,4090382
259,623,TXG921528,CN605562305,RN101517613,8/11/2018, ,RUBY RED CATTLE COMPANY INC,"Unnamed Road, Perryton, TX 79070, USA",TX,79070,36.275277,-100.80166,Beef cattle,CATTLE (Beef);,SIS0211/SIS0212, , , , ,24309, ,24309, ,-11221190,4338566
260,631,TXG921533,CN605571595,RN110497427,1/24/2019, ,"ALLEN, TREVOR CHARLES",191 FM 694 DALHART,TX,79022,36.035108,-102.581222,Beef cattle,CATTLE (Beef);,SIS0211/SIS0212, , , , ,20075, ,20075, ,-11419290,4305454
261,632,TXG921533,CN605571603,RN110497427,1/24/2019, ,"ALLEN, TAWNY SHAREE",191 FM 694 DALHART,TX,79022,36.035108,-102.581222,Beef cattle,CATTLE (Beef);,SIS0211/SIS0212, , , , ,20075, ,20075, ,-11419290,4305454
262,633,TXG921534,CN605577162,RN103124038,10/3/2018, ,"ROGERS, CHARLES ROY",1045 FM 2396 FARWELL,TX,79325,34.444166,-103.01444,Beef cattle,CATTLE (Beef);,SIS0211/SIS0212, , , , ,7293, ,7293, ,-11467516,4088601
263,634,TXG921534,CN605577170,RN103124038,10/3/2018, ,"FOOTE, TIMOTHY MICHAEL",1045 FM 2396 FARWELL,TX,79325,34.444166,-103.01444,Beef cattle,CATTLE (Beef);,SIS0211/SIS0212, , , , ,7293, ,7293, ,-11467516,4088601
264,635,TXG921535,CN605578970,RN101519098,10/3/2018, ,VOLNER PARTNERSHIP III LTD,"1918-2192 Co Rd 242, Gause, TX 77857, USA",TX,76520,30.834722,-96.831666,Beef cattle,CATTLE (Beef);,SIS0211/SIS0212, , , , ,30660, ,30660, ,-10779253,3611304
265,645,TXG921542,CN605659895,RN101701118,2/16/2019, ,FROESE CUSTOM HARVEST,14233 FARM TO MARKET 119 STRATFORD,TX,79084,36.35,-101.83444,Beef cattle,CATTLE (Beef);,SIS0211/SIS0212, , , , ,48618, ,48618, ,-11336159,4348889
266,647,TXG921544,CN603431206,RN101519221,4/4/2019, ,MID FRISIAN FARMS LLC,"Unnamed Road, Farwell, TX 79325, USA",TX,79325,34.3525,-103.03972,Beef cattle,CATTLE (Beef);,SIS0211/SIS0212, , , , ,43800, ,43800, ,-11470330,4076234
267,648,TXG921545,CN605649334,RN101528321,4/13/2019, ,COYOTE LAKE FEEDERS LLC,1287 FM 1731 MULESHOE,TX,79347,34.134722,-102.90444,Beef cattle,CATTLE (Beef);,SIS0211/SIS0212, , , , ,58342, ,58342, ,-11455271,4046907
268,649,TXG921546,CN605662113,RN101517902,5/19/2019, ,LONE STAR STATE BANK OF WEST TEXAS,3857 COUNTY ROAD 27 HEDLEY,TX,79237,34.856388,-100.62861,Beef cattle,CATTLE (Beef);,SIS0211/SIS0212, , , , ,24147, ,24147, ,-11201927,4144383
269,653,TXG921549,CN605679711,RN101528545,7/7/2019, ,LA PERLA LAND & LIVESTOCK LLC,6264 S FM 219 DUBLIN,TX,76446,32.036388,-98.299444,Beef cattle,CATTLE (Beef);,SIS0211/SIS0212, , , , ,4599, ,4599, ,-10942645,3768089
270,654,TXG921550,CN605681741,RN102094471,7/11/2019, ,7M CATTLE FEEDERS INC,2548 COUNTY ROAD 15 FRIONA,TX,79035,34.662792,-102.776545,Beef cattle,CATTLE (Beef);,SIS0211/SIS0212, , , , ,186789, ,186789, ,-11441034,4118151
271,700,FLA470031, , , , ,"Southern Cross Dairy, LLC",19620 North CR-349 O Brien,FL,32071,30.093965,-83.062848,Beef cattle,CATTLE (Beef);,SIS0211/SIS0212,5320, , , ,9589.09, ,9589.09, ,-9246514,3515635
272,1033,713,30095, , , ,Cullman Stock Yard,"75 COUNTY ROAD 1339, CULLMAN",AL,35058,34.2079101,-86.8485421,Beef cattle,CATTLE (Beef);,SIS0211/SIS0212, , ,"1,000", ,0,104000,104000,125 lb per day-animal,-9667936,4056754
273,1153,88,15118, , , ,"Fort Payne Stockyard, Inc","302 AIRPORT ROAD, FORT PAYNE",AL,35968,34.4445374,-85.7518683,Beef cattle,CATTLE (Beef);,SIS0211/SIS0212, , ,50, ,0,5200,5200,125 lb per day-animal,-9545855,4088651
274,1197,86,15116, , , ,"Sand Mountain Livestock, LLC","19509 AL HWY 68, CROSSVILLE",AL,35962,34.2681295,-86.0749172,Beef cattle,CATTLE (Beef);,SIS0211/SIS0212, , ,600, ,0,62400,62400,125 lb per day-animal,-9581816,4064863
275,1343,109,15182, , , ,Hereford & Sons Farm,"200 HEREFORDSHIRE ROAD, PAINT ROCK",AL,35764,34.7037334,-86.3582606,Beef cattle,CATTLE (Beef);,SIS0211/SIS0212, , , , ,0, ,0,125 lb per day-animal,-9613358,4123693
276,1398,546,26706, , , ,Mid-State Stockyard,"8415 STATE HIGHWAY 97 S,LETOHATCHEE",AL,0,32.1082605,-86.4600138,Beef cattle,CATTLE (Beef);,SIS0211/SIS0212, , ,540, ,0,56160,56160,125 lb per day-animal,-9624685,3777531
277,1487,327,17816, , , ,Montgomery Stockyards LLC,"4500 MOBILE HIGHWAY, MONTGOMERY",AL,36108,32.3173179,-86.351619,Beef cattle,CATTLE (Beef);,SIS0211/SIS0212, , ,400, ,0,41600,41600,125 lb per day-animal,-9612619,3805037
278,1590,382,19203, , , ,Ashville Stockyard Inc.,"18390 U.S. HWY 11 SOUTH, STEELE",AL,35987,33.867427,-86.315445,Beef cattle,CATTLE (Beef);,SIS0211/SIS0212, , ,"1,500", ,0,156000,156000,125 lb per day-animal,-9608592,4011015
279,1665,713,30095, , , ,Cullman Stock Yard,"75 COUNTY ROAD 1339, CULLMAN",AL,35058,34.2079101,-86.8485421,Beef cattle,CATTLE (Beef);,SIS0211/SIS0212, , ,"1,200", ,0,124800,124800,125 lb per day-animal,-9667936,4056754
280,3294,AWC010002, , ,10-01-2014,09-30-2019,Piedmont L/S Co Farm,"3164 Leath Rd, Elon, NC 27244, USA",NC,0,36.1742,-79.4994,Beef cattle,CATTLE (Beef);,SIS0211/SIS0212, ,300, , ,0,37500,37500,125 lb per day-animal,-8849833,4324619
281,3310,AWC030001, , ,10-01-2014,09-30-2019,Gambill & Gambill Farm,"305 Gambill Rd, Sparta",NC,28675,36.5556,-81.1761,Beef cattle,CATTLE (Beef);,SIS0211/SIS0212, ,200, , ,0,25000,25000,125 lb per day-animal,-9036482,4377344
282,3318,AWC030033, , ,10-01-2014,09-30-2019,Atwood Dairy,"393 Golf Course Rd, Sparta",NC,28675,36.5319,-81.1669,Beef cattle,CATTLE (Beef);,SIS0211/SIS0212, ,466, , ,0,58250,58250,125 lb per day-animal,-9035458,4374060
283,3329,AWC190005, , ,02-17-2017,09-30-2019,"Carolina Feeders, LLC Farm","Unnamed Road, Siler City, NC 27344, USA",NC,0,35.6786,-79.4847,Beef cattle,CATTLE (Beef calf);,SIS0211/SIS0212, ,1675, , ,0,83750,83750,50 lb per day-animal,-8848197,4256488
284,3330,AWC190009, , ,10-01-2014,09-30-2019,Hickory Grove Farm,"18424 NC Hwy 902, Bear Creek",NC,27207,35.5833,-79.47,Beef cattle,CATTLE (Beef);,SIS0211/SIS0212, ,650, , ,0,81250,81250,125 lb per day-animal,-8846560,4243436
285,3352,AWC300003, , ,10-01-2014,09-30-2019,Henry Walker Farm,"1493 Godbey Rd, Mocksville",NC,27028,35.895,-80.6653,Beef cattle,CATTLE (Beef);,SIS0211/SIS0212, ,300, , ,0,37500,37500,125 lb per day-animal,-8979620,4286184
286,3355,AWC320002, , ,10-01-2014,09-30-2019,Butner Beef Cattle Field Laboratory,"8800 Cassam Rd, Bahama",NC,27503,36.1781,-78.8061,Beef cattle,CATTLE (Beef);,SIS0211/SIS0212, ,400, , ,0,50000,50000,125 lb per day-animal,-8772655,4325156
287,3356,AWC350059, , ,02-13-2015,09-30-2019,"Franklin Livestock, Inc.- Hill Farm","4092 NC Hwy 581 N, Spring Hope",NC,27882,36.079148,-78.162776,Beef cattle,CATTLE (Beef calf);,SIS0211/SIS0212, ,700, , ,0,35000,35000,50 lb per day-animal,-8701041,4311518
288,3373,AWC420041, , ,10-01-2014,09-30-2019,Ray Batchelor,"2746 Justice Branch Rd, Enfield",NC,27823,36.2239,-77.6806,Beef cattle,CATTLE (Beef);,SIS0211/SIS0212, ,975, , ,0,121875,121875,125 lb per day-animal,-8647365,4331475
289,3381,AWC440064, , ,10-01-2014,09-30-2019,WNC Regional Livestock Center LLC,"474 Stock Dr, Canton",NC,28716,35.5528,-82.8333,Beef cattle,CATTLE (Beef calf);,SIS0211/SIS0212, ,700, , ,0,35000,35000,50 lb per day-animal,-9220961,4239261
290,3447,AWC550001, , ,10-01-2014,09-30-2019,Lewis Eddie Smith Farm,"1090 Smith Family Ln, Lincolnton",NC,28092,35.4833,-81.15,Beef cattle,CATTLE (Beef calf);,SIS0211/SIS0212, ,900, , ,0,45000,45000,50 lb per day-animal,-9033577,4229756
291,3470,AWC760013, , ,10-01-2014,09-30-2019,Oakwood Farms,"6679 Lawrence Farm Rd, Seagrove",NC,27341,35.5128,-79.745,Beef cattle,CATTLE (Beef);,SIS0211/SIS0212, ,430, , ,0,53750,53750,125 lb per day-animal,-8877173,4233790
292,3487,AWC760061, , ,01-15-2015,09-30-2019,TBW Cattle,"3601 Millikan Rd, Sophia",NC,27350,35.809375,-79.867923,Beef cattle,CATTLE (Beef calf);,SIS0211/SIS0212, ,450, , ,0,22500,22500,50 lb per day-animal,-8890857,4274424
293,3508,AWC850002, , ,10-01-2014,09-30-2019,Ridge Crest Farm,"1981 Hwy 704 W, Lawsonville",NC,27022,36.2764,-80.2486,Beef cattle,CATTLE (Beef);,SIS0211/SIS0212, ,325, , ,0,40625,40625,125 lb per day-animal,-8933234,4338722
294,3510,AWC860004, , ,12-17-2014,09-30-2019,Double E Farms,"502 White Rd, Elkin",NC,28621,36.4022,-80.7706,Beef cattle,CATTLE (Beef);,SIS0211/SIS0212, ,350, , ,0,43750,43750,125 lb per day-animal,-8991342,4356107
295,3514,AWC940021, , ,10-01-2014,09-30-2019,Tidewater Research Station,"207 Research Station Rd, Plymouth",NC,27962,35.8564,-76.6569,Beef cattle,CATTLE (Beef);,SIS0211/SIS0212, ,120, , ,0,15000,15000,125 lb per day-animal,-8533407,4280881
296,3516,AWC960220, , ,07-28-2017,09-30-2019,Hood Dairy,"295-A Falling Creek Church Rd, Goldsboro",NC,27530,35.3081,-78.1633,Beef cattle,CATTLE (Beef);,SIS0211/SIS0212, ,200, , ,0,25000,25000,125 lb per day-animal,-8701099,4205831
297,3517,AWC970003, , ,10-01-2014,09-30-2019,A. H. & W. Farms,"Unnamed Road, Boomer, NC 28606, USA",NC,0,36.0267,-81.3097,Beef cattle,CATTLE (Beef);,SIS0211/SIS0212, ,600, , ,0,75000,75000,125 lb per day-animal,-9051355,4304297
298,3518,AWC970004, , ,10-01-2014,09-30-2019,Myers Dairy Inc.,"3938 Bethel Rd, Jonesville",NC,28642,36.2281,-80.8789,Beef cattle,CATTLE (Beef calf);,SIS0211/SIS0212, ,60, , ,0,3000,3000,50 lb per day-animal,-9003398,4332054
299,3523,AWC970014, , ,10-01-2014,09-30-2019,Claude Shew Farm,"955 Dellaplane Rd, Scotts",NC,28699,36.1883,-81.04,Beef cattle,CATTLE (Beef);,SIS0211/SIS0212, ,125, , ,0,15625,15625,125 lb per day-animal,-9021332,4326563
300,3525,AWC970022, , ,10-01-2014,09-30-2019,Cranberry Farms,"490 Wilkes Yadkin Rd, Roaring River",NC,28669,36.1511,-80.9981,Beef cattle,CATTLE (Beef);,SIS0211/SIS0212, ,250, , ,0,31250,31250,125 lb per day-animal,-9016668,4321433
301,3526,AWC970022, , ,10-01-2014,09-30-2019,Cranberry Farms,"490 Wilkes Yadkin Rd, Roaring River",NC,28669,36.1511,-80.9981,Beef cattle,CATTLE (Beef calf);,SIS0211/SIS0212, ,200, , ,0,10000,10000,50 lb per day-animal,-9016668,4321433
302,3527,AWC970033, , ,10-05-2018,09-30-2019,Jay's Place,Roaring River,NC,28669,36.2014,-80.9897,Beef cattle,CATTLE (Beef calf);,SIS0211/SIS0212, ,250, , ,0,12500,12500,50 lb per day-animal,-9015733,4328370
303,3534,AWC990034, , ,05-31-2016,09-30-2019,"Riley livestock, Inc.","5146 Crater Rd, Hamptonville",NC,27020,36.099809,-80.837931,Beef cattle,CATTLE (Beef calf);,SIS0211/SIS0212, ,400, , ,0,20000,20000,50 lb per day-animal,-8998838,4314365
304,3549,AWI230013, , ,03-27-2013, ,Hamrick Bros Inc,"128 Webb Rd, Shelby",NC,28152,35.2864,-81.6428,Beef cattle,CATTLE (Beef);,SIS0211/SIS0212, , , , ,0, ,0,125 lb per day-animal,-9088435,4202871
305,3564,AWI310885, , ,04-20-2018,03-31-2023,Duplin County Livestock Facility,"275 Fairgrounds Dr, Kenansville",NC,28349,34.9509,-77.9839,Beef cattle,CATTLE (Beef);,SIS0211/SIS0212, ,500, , ,0,62500,62500,125 lb per day-animal,-8681128,4157212
306,3565,AWI310885, , ,04-20-2018,03-31-2023,Duplin County Livestock Facility,"275 Fairgrounds Dr, Kenansville",NC,28349,34.9509,-77.9839,Beef cattle,CATTLE (Beef);,SIS0211/SIS0212, ,5000, , ,0,625000,625000,125 lb per day-animal,-8681128,4157212
307,3566,AWI310885, , ,04-20-2018,03-31-2023,Duplin County Livestock Facility,"275 Fairgrounds Dr, Kenansville",NC,28349,34.9509,-77.9839,Beef cattle,CATTLE (Beef calf);,SIS0211/SIS0212, ,5000, , ,0,250000,250000,50 lb per day-animal,-8681128,4157212
308,3575,AWI350060, , ,05-18-2018,04-30-2023,Charlie Morgan Road Farm,"Charlie Morgan Rd, Louisburg",NC,27549,36.08179,-78.16741,Beef cattle,CATTLE (Beef);,SIS0211/SIS0212, , , , ,0, ,0,125 lb per day-animal,-8701557,4311882
309,3625,AWI760065, , ,03-17-2017,02-28-2022,Randolph Packing Company,"403 W Balfour Ave, Asheboro",NC,27203,35.7474,-79.8136,Beef cattle,CATTLE (Beef);,SIS0211/SIS0212, ,250, , ,0,31250,31250,125 lb per day-animal,-8884810,4265920
310,3644,AWI970032, , ,11-18-2016,11-30-2021,Pardue Farm & Sons,"1699 Bethel Rd, Ronda",NC,28670,36.213745,-80.908521,Beef cattle,CATTLE (Beef calf);,SIS0211/SIS0212, ,420, , ,0,21000,21000,50 lb per day-animal,-9006696,4330073
311,3858,AWS210010, , ,10-07-2016,09-30-2019,A.J. Smith & Sons Inc,"430 Greenhall Rd, Edenton",NC,27932,36.1225,-76.6325,Beef cattle,CATTLE (Beef);,SIS0211/SIS0212, ,60, , ,0,7500,7500,125 lb per day-animal,-8530691,4317491
312,4053,AWS310147, , ,12-04-2015,09-30-2019,Glenn Smith Farm,"481 Panther Creek Rd, Pink Hill",NC,28572,35.0464,-77.8083,Beef cattle,CATTLE (Beef);,SIS0211/SIS0212, ,14, , ,0,1750,1750,125 lb per day-animal,-8661581,4170189
313,5968,ND0000370 v1.0,ND0000370, ,1999, ,JCO FARMS,PO BOX 293 ALLENDALE,SC,29810,32.97887278,-81.28755604,Beef cattle,CATTLE (Beef);,SIS0211/SIS0212,1200, , , ,0,150000,150000,125 lb per day-animal,-9048890,3892501
314,5969,ND0016772 11484-AG v2.0,ND0016772, ,2011, ,BELUE BEEF FACILITY,3773 PARRIS BRIDGE RD SPARTANBURG,SC,29316,35.04961542,-81.95155395,Beef cattle,CATTLE (Beef);,SIS0211/SIS0212,470, , , ,0,58750,58750,125 lb per day-animal,-9122806,4170627
315,5970,ND0089559 19957-AG v1.0,ND0089559, ,2017, ,DOBBINS CATTLE COMPANY,PO BOX 229 TOWNVILLE,SC,29689,34.54878751,-82.89004561,Beef cattle,CATTLE (Beef);,SIS0211/SIS0212,1050, , , ,0,131250,131250,125 lb per day-animal,-9227278,4102732
